,mean_fit_time,std_fit_time,mean_score_time,std_score_time,param_preprocessor__num__smoother__kw_args,param_ridge__alpha,params,split0_test_score,split1_test_score,split2_test_score,split3_test_score,split4_test_score,mean_test_score,std_test_score,rank_test_score,split0_train_score,split1_train_score,split2_train_score,split3_train_score,split4_train_score,mean_train_score,std_train_score
0,0.00819101333618164,0.002331654402977727,0.004336118698120117,0.0005375733203976454,{'span': 6},1e-07,"{'preprocessor__num__smoother__kw_args': {'span': 6}, 'ridge__alpha': 1e-07}",0.08687257522256964,0.08094659697975076,0.0503990317662625,0.06334319250218919,0.04511250920370042,0.0653347811348945,0.016392612266996807,15,0.19824570531110863,0.1670536426340434,0.16911375659914515,0.14047820923465967,0.19264046665498574,0.17350635608678852,0.020639479222726218
1,0.008093833923339844,0.002055904805154895,0.004475259780883789,0.0007616119249442195,{'span': 6},2.3357214690901212e-07,"{'preprocessor__num__smoother__kw_args': {'span': 6}, 'ridge__alpha': 2.3357214690901212e-07}",0.08687257522256964,0.08094659697975076,0.0503990317662625,0.06334319250218919,0.04511250920370042,0.0653347811348945,0.016392612266996807,15,0.19824570531110863,0.1670536426340434,0.1691113235527599,0.14047820923465967,0.19264046665498574,0.17350586947751148,0.020639582808085626
2,0.007021522521972657,0.0006583761044364355,0.0040073394775390625,0.000781674122682187,{'span': 6},5.455594781168515e-07,"{'preprocessor__num__smoother__kw_args': {'span': 6}, 'ridge__alpha': 5.455594781168515e-07}",0.08687257522256964,0.08094659697975076,0.0503990317662625,0.06334319250218919,0.04511250920370042,0.0653347811348945,0.016392612266996807,15,0.19824570531110863,0.1670536426340434,0.1691113235527599,0.14047820923465967,0.19264046665498574,0.17350586947751148,0.020639582808085626
3,0.007134294509887696,0.0003802429261109073,0.003694629669189453,0.0007367375533459258,{'span': 6},1.2742749857031322e-06,"{'preprocessor__num__smoother__kw_args': {'span': 6}, 'ridge__alpha': 1.2742749857031322e-06}",0.08687257522256964,0.08094659697975076,0.0503990317662625,0.06334151604705408,0.04511250920370042,0.06533444584386748,0.01639265301619511,18,0.19824570531110863,0.1670536426340434,0.1691113235527599,0.14047820923465967,0.19264046665498574,0.17350586947751148,0.020639582808085626
4,0.006844186782836914,0.0005112717654154659,0.0037651538848876955,0.0006528604140739595,{'span': 6},2.976351441631319e-06,"{'preprocessor__num__smoother__kw_args': {'span': 6}, 'ridge__alpha': 2.976351441631319e-06}",0.08687257522256964,0.08094644646043715,0.050398896818405994,0.06334151604705408,0.04511250920370042,0.06533438875043344,0.016392648936124434,19,0.19824398154719108,0.16705578617489727,0.16911028403294182,0.14047820923465967,0.19264046665498574,0.17350574552893513,0.020639079848519638
5,0.007698488235473633,0.0006267708643099985,0.004779338836669922,0.0009688757871021764,{'span': 6},6.951927961775606e-06,"{'preprocessor__num__smoother__kw_args': {'span': 6}, 'ridge__alpha': 6.951927961775606e-06}",0.08687257522256964,0.08094644646043715,0.05039631464307471,0.06334151604705408,0.04511190194316656,0.06533375086326042,0.016393269306232944,20,0.19824398154719108,0.16705578617489727,0.16911028403294182,0.14048048026591722,0.19264046665498574,0.17350619973518663,0.020638353015487186
6,0.006920528411865234,0.0003640810613905045,0.0034879207611083984,0.00047900687585538667,{'span': 6},1.623776739188721e-05,"{'preprocessor__num__smoother__kw_args': {'span': 6}, 'ridge__alpha': 1.623776739188721e-05}",0.0868704030710125,0.08094644646043715,0.0503979482906838,0.06333861987997862,0.04511275314596616,0.06533323416961564,0.016392261257088172,21,0.1982432678213239,0.16706029226077898,0.16911181106205414,0.1404817777837757,0.19264046665498574,0.17350752311658368,0.020637419991382782
7,0.00790410041809082,0.0012138493681548561,0.004307603836059571,0.000807411037034635,{'span': 6},3.792690190732254e-05,"{'preprocessor__num__smoother__kw_args': {'span': 6}, 'ridge__alpha': 3.792690190732254e-05}",0.08687101942226078,0.08095049491094136,0.05039813514156205,0.06334238671376899,0.04511442700513,0.06533529263873264,0.016392655826253478,13,0.19824267519695765,0.16706060051665406,0.16911709116271753,0.14047797823148023,0.19263842363082506,0.1735073537477269,0.020637871217011106
8,0.007181644439697266,0.00037964051487105805,0.005010986328125,0.0009610052227211257,{'span': 6},8.858667904100833e-05,"{'preprocessor__num__smoother__kw_args': {'span': 6}, 'ridge__alpha': 8.858667904100833e-05}",0.08686381914209917,0.08095552043940378,0.05039169916686699,0.06333967480105046,0.04511447112234827,0.06533303693435374,0.01639294997072789,22,0.19823813904392804,0.1670625205532481,0.16911403035436423,0.14047831648613585,0.19263916163955272,0.1735064336154458,0.020636822808340453
9,0.006822395324707031,0.0005463933493403205,0.004193019866943359,0.00038125083723021194,{'span': 6},0.0002069138081114788,"{'preprocessor__num__smoother__kw_args': {'span': 6}, 'ridge__alpha': 0.0002069138081114788}",0.08685942293572188,0.08095439024697136,0.05040320866193657,0.06334616133295472,0.045111733259684934,0.06533498328745388,0.016390000145567733,14,0.19822967482200116,0.1670598497523452,0.16910769573359674,0.1404801345111584,0.1926467907297739,0.17350482910977508,0.02063606398678
10,0.007883167266845703,0.0005570687442452752,0.004389476776123047,0.00042765880027396383,{'span': 6},0.0004832930238571752,"{'preprocessor__num__smoother__kw_args': {'span': 6}, 'ridge__alpha': 0.0004832930238571752}",0.0868639437099304,0.08095268392889027,0.05039648073274427,0.06335921095315097,0.04511992868176152,0.06533844960129549,0.016389750563853077,12,0.19822566558933202,0.16706175028856762,0.1690840342824988,0.14047678946511855,0.19265576083585384,0.17350080009227414,0.020638730365171117
11,0.0068279743194580075,0.0005521589318901365,0.0038347721099853517,0.00019708086434632396,{'span': 6},0.0011288378916846883,"{'preprocessor__num__smoother__kw_args': {'span': 6}, 'ridge__alpha': 0.0011288378916846883}",0.086824251987122,0.08095399967530413,0.05038966975871718,0.06334440832143189,0.04511707144309581,0.06532588023713419,0.016381884338235776,23,0.19824175018762072,0.16703793208461523,0.16908049421500856,0.1404761249559725,0.19266753597510597,0.1735007674836646,0.02064662350510909
12,0.006909418106079102,0.0006748076647227959,0.004208040237426758,0.0006483315049372152,{'span': 6},0.0026366508987303553,"{'preprocessor__num__smoother__kw_args': {'span': 6}, 'ridge__alpha': 0.0026366508987303553}",0.08682117542120685,0.08097803994533342,0.050362106659025165,0.0633697666516989,0.04509828529350354,0.06532587479415357,0.016394720588292288,24,0.1982690070435274,0.16704297443071758,0.16906802297724843,0.14047344141903742,0.19266854998709762,0.1735043991715257,0.020654423705351536
13,0.007207632064819336,0.00036472151785520786,0.0037998676300048826,0.0001695389402942675,{'span': 6},0.006158482110660254,"{'preprocessor__num__smoother__kw_args': {'span': 6}, 'ridge__alpha': 0.006158482110660254}",0.08684211189992512,0.08096336171709509,0.050369319881470684,0.06339859986343013,0.045166874592263546,0.06534805359083691,0.016378493273902405,11,0.1982494027718286,0.1670351772821113,0.16894485412907412,0.14053089670982855,0.19264531846236294,0.1734811298710411,0.02063288363082482
14,0.006368112564086914,0.0005205476741449155,0.00400238037109375,0.00021448601818991751,{'span': 6},0.01438449888287663,"{'preprocessor__num__smoother__kw_args': {'span': 6}, 'ridge__alpha': 0.01438449888287663}",0.08672208171146048,0.08103608071169659,0.05030663919727322,0.06350401541422698,0.04523472817153061,0.06536070904123757,0.01635330520367381,10,0.1981988686614661,0.16711579781866231,0.16885948450152977,0.1407141317318005,0.19259811740416594,0.1734972800235249,0.02055226383750349
15,0.007125997543334961,0.000781063232947438,0.004208993911743164,0.0005835494567948083,{'span': 6},0.03359818286283781,"{'preprocessor__num__smoother__kw_args': {'span': 6}, 'ridge__alpha': 0.03359818286283781}",0.08661086988738192,0.08125253786532141,0.05046076781546441,0.06368356868994511,0.04541480297842836,0.06548450944730824,0.016289279564266245,9,0.19824413356822418,0.16715439955437478,0.1689627524703002,0.14088364381489554,0.19256469025885847,0.17356192393333064,0.02049583049693583
16,0.0068108558654785155,0.00024921685031542226,0.004148006439208984,0.0003071814062886204,{'span': 6},0.07847599703514607,"{'preprocessor__num__smoother__kw_args': {'span': 6}, 'ridge__alpha': 0.07847599703514607}",0.08608881518975277,0.08180159339399071,0.050581040092578286,0.06416268711092016,0.04558898813668684,0.06564462478478575,0.016188569055741012,7,0.19816864095384507,0.16685290805823272,0.16861999068565753,0.14119441734225535,0.1925486490691563,0.1734769212218294,0.020410973557213438
17,0.007199907302856445,0.0007945111841997346,0.0044651031494140625,0.00037143824146099034,{'span': 6},0.18329807108324336,"{'preprocessor__num__smoother__kw_args': {'span': 6}, 'ridge__alpha': 0.18329807108324336}",0.08502967201436246,0.08268725422563943,0.0508818349720108,0.06524815418147753,0.04597486198143046,0.06596435547498414,0.015941874773787536,3,0.1971762927408483,0.16610719959573644,0.16794341028687076,0.1419142359995452,0.19239530975577449,0.17310728967575503,0.02000009068115907
18,0.00720057487487793,0.0005534046540783549,0.004080533981323242,0.00038895066552045336,{'span': 6},0.4281332398719387,"{'preprocessor__num__smoother__kw_args': {'span': 6}, 'ridge__alpha': 0.4281332398719387}",0.0834267681967505,0.08340802504196064,0.05065370821573298,0.0668334643954694,0.047095945375975626,0.06628358224517783,0.015491262742916583,2,0.19506099092272683,0.16463179547593274,0.16656149919118207,0.1429253969167508,0.1920546354769802,0.1722468635967145,0.019302296607814372
19,0.006711244583129883,0.0004763211796500848,0.004006052017211914,0.0002238821601346643,{'span': 6},1.0,"{'preprocessor__num__smoother__kw_args': {'span': 6}, 'ridge__alpha': 1.0}",0.07957282115980223,0.08457030663495148,0.05009974856233801,0.06875149515844241,0.04906060577918052,0.06641099545894294,0.014666730885728257,1,0.1913971204095123,0.16192221133382798,0.1634468750618791,0.14334723572276772,0.19132356433137526,0.17028740137187248,0.018604741974444925
20,0.007502698898315429,0.00021140351562631357,0.004268026351928711,0.000996479099018019,{'span': 10},1e-07,"{'preprocessor__num__smoother__kw_args': {'span': 10}, 'ridge__alpha': 1e-07}",0.08755959665619939,0.0782596040478619,0.05013572514185316,0.06297827285554768,0.044642047080747115,0.06471504915644186,0.01627161215521022,46,0.19696765933270471,0.16527627750914928,0.16825703701606304,0.14161759791673983,0.19292064821839666,0.1730078439986107,0.020190529260949094
21,0.007009983062744141,0.0004891496578444675,0.0039898395538330075,0.00021891825028090678,{'span': 10},2.3357214690901212e-07,"{'preprocessor__num__smoother__kw_args': {'span': 10}, 'ridge__alpha': 2.3357214690901212e-07}",0.08755959665619939,0.0782596040478619,0.05013572514185316,0.06297827285554768,0.044642047080747115,0.06471504915644186,0.01627161215521022,46,0.19696765933270471,0.16527627750914928,0.16825703701606304,0.14161759791673983,0.19292064821839666,0.1730078439986107,0.020190529260949094
22,0.006984806060791016,0.00046295850796026193,0.003999471664428711,0.0006550536641634803,{'span': 10},5.455594781168515e-07,"{'preprocessor__num__smoother__kw_args': {'span': 10}, 'ridge__alpha': 5.455594781168515e-07}",0.08755959665619939,0.0782596040478619,0.05013572514185316,0.06297827285554768,0.044642047080747115,0.06471504915644186,0.01627161215521022,46,0.1969678203719347,0.16527627750914928,0.16825703701606304,0.14161759791673983,0.19292064821839666,0.17300787620645672,0.020190567481610706
23,0.007309722900390625,0.0004576877292581473,0.004297304153442383,0.0005246870774594655,{'span': 10},1.2742749857031322e-06,"{'preprocessor__num__smoother__kw_args': {'span': 10}, 'ridge__alpha': 1.2742749857031322e-06}",0.08756095133136405,0.0782596040478619,0.05013572514185316,0.06298216295809797,0.044642047080747115,0.06471609811198484,0.016271909559242796,45,0.1969678203719347,0.16527627750914928,0.16825703701606304,0.14161759791673983,0.19292064821839666,0.17300787620645672,0.020190567481610706
24,0.006620645523071289,0.0004982875065972593,0.0039904117584228516,0.00047684381003508573,{'span': 10},2.976351441631319e-06,"{'preprocessor__num__smoother__kw_args': {'span': 10}, 'ridge__alpha': 2.976351441631319e-06}",0.08756125756061582,0.0782596040478619,0.05013572514185316,0.06298216295809797,0.044642047080747115,0.06471615935783519,0.016271995545233675,44,0.1969678203719347,0.16527633451023563,0.16825603574697418,0.14161607839582577,0.19292064821839666,0.1730073834486734,0.020191082719530344
25,0.007361125946044922,0.00045046696552228843,0.004382514953613281,0.0004180959106051905,{'span': 10},6.951927961775606e-06,"{'preprocessor__num__smoother__kw_args': {'span': 10}, 'ridge__alpha': 6.951927961775606e-06}",0.08756300929574255,0.07825952230030363,0.05013475455534673,0.06298113788104169,0.04464268418528156,0.06471622164354324,0.016272512423712467,43,0.19696942432266515,0.165276534014038,0.16825727027050993,0.14161607839582577,0.19292064821839666,0.17300799104428713,0.020191390025936267
26,0.007213878631591797,0.0006080908070350276,0.004183769226074219,0.0003906496094238358,{'span': 10},1.623776739188721e-05,"{'preprocessor__num__smoother__kw_args': {'span': 10}, 'ridge__alpha': 1.623776739188721e-05}",0.08756208282249775,0.07826125327241025,0.05013621562540855,0.06298364218321717,0.04464566079994966,0.06471777094069667,0.01627149078901524,42,0.19696918856123247,0.16528013408265188,0.16825966656619457,0.14161779291942378,0.1929247395167801,0.17301030432925657,0.020191219508950437
27,0.006926918029785156,0.0004574879322464815,0.004385185241699219,0.0004477239231429239,{'span': 10},3.792690190732254e-05,"{'preprocessor__num__smoother__kw_args': {'span': 10}, 'ridge__alpha': 3.792690190732254e-05}",0.0875636113735935,0.07825545179093453,0.05014243101226123,0.06298684717097541,0.04465200329885883,0.0647200689293247,0.01626820742225018,41,0.1969695106396924,0.16527899556095277,0.16826337388687343,0.1416207104595796,0.1929282683085114,0.1730121717711219,0.020190997626997838
28,0.006844520568847656,0.0003212192201299456,0.004483175277709961,0.0005031599024175839,{'span': 10},8.858667904100833e-05,"{'preprocessor__num__smoother__kw_args': {'span': 10}, 'ridge__alpha': 8.858667904100833e-05}",0.08757068189559761,0.07825940422049726,0.05014502875849903,0.06298379918869035,0.04466020910145736,0.06472382463294832,0.01626842615277675,38,0.1969652115364093,0.165284600417776,0.16827086877976113,0.1416208777118816,0.19291941745384172,0.17301219517993394,0.02018739805154444
29,0.007005739212036133,0.0006716105950771452,0.00400090217590332,0.0004782525513713568,{'span': 10},0.0002069138081114788,"{'preprocessor__num__smoother__kw_args': {'span': 10}, 'ridge__alpha': 0.0002069138081114788}",0.08754605769004217,0.07826973555476474,0.05013892626071862,0.06299210750310982,0.04465674849495352,0.06472071510071778,0.016265003077419102,40,0.1969569637512075,0.16529298632760347,0.1682809129712504,0.14161807792334646,0.19292147097812656,0.17301408239030688,0.020185603790310556
30,0.007429742813110351,0.0005001540974580781,0.004276561737060547,0.0005914747080405924,{'span': 10},0.0004832930238571752,"{'preprocessor__num__smoother__kw_args': {'span': 10}, 'ridge__alpha': 0.0004832930238571752}",0.08755329949281422,0.07827206471138493,0.050145698307479405,0.06298480090956053,0.04466016368667385,0.06472320542158258,0.016265522991419527,39,0.1969493910424577,0.1653133717161297,0.1682815377331613,0.14163971122109834,0.19290378576898232,0.17301755949636588,0.020172002034486387
31,0.006832504272460937,0.00029168038152154515,0.004054021835327148,0.00034345873815237694,{'span': 10},0.0011288378916846883,"{'preprocessor__num__smoother__kw_args': {'span': 10}, 'ridge__alpha': 0.0011288378916846883}",0.08757074936983952,0.07831021876222648,0.050124298691618344,0.06297235595507089,0.044682206725026756,0.06473196590075639,0.01627545386510817,37,0.19702898178316092,0.1653120044400707,0.16820336524282803,0.1416408827372226,0.1928960344273154,0.17301625372611956,0.02019282073794625
32,0.006923770904541016,0.0012466527420920961,0.00399017333984375,0.00032784942193218733,{'span': 10},0.0026366508987303553,"{'preprocessor__num__smoother__kw_args': {'span': 10}, 'ridge__alpha': 0.0026366508987303553}",0.08745382559166627,0.07834789919626226,0.050168501900078384,0.06308515725093657,0.04477399778790193,0.06476587634536908,0.01621602757367952,36,0.19700763571115082,0.16529975520661191,0.1682168009989764,0.14161670915450728,0.19287067287739118,0.17300231478972755,0.02019056162221664
33,0.0071296215057373045,0.0004973019605499792,0.004302692413330078,0.0005116489460102828,{'span': 10},0.006158482110660254,"{'preprocessor__num__smoother__kw_args': {'span': 10}, 'ridge__alpha': 0.006158482110660254}",0.08742388778955978,0.07846058496137018,0.05021621375280767,0.0632227848750527,0.044888465100968736,0.0648423872959518,0.01618694874073933,34,0.19693278983031925,0.16523802378006944,0.16821914254361714,0.14176250291115297,0.19288606530942118,0.173007704874916,0.020135142527233602
34,0.007204389572143555,0.0005857552467522141,0.00391077995300293,0.0005562986940412147,{'span': 10},0.01438449888287663,"{'preprocessor__num__smoother__kw_args': {'span': 10}, 'ridge__alpha': 0.01438449888287663}",0.0873310328520277,0.07884388109591778,0.050363371795179926,0.06335275556282817,0.04515537946177329,0.06500928415354537,0.01613121759078869,30,0.19686391270750703,0.16534742536515995,0.16806511585714815,0.14204078299128625,0.19285611820526846,0.17303467102527398,0.020025652785020217
35,0.007107400894165039,0.000742069370344145,0.004498195648193359,0.0007205571702419835,{'span': 10},0.03359818286283781,"{'preprocessor__num__smoother__kw_args': {'span': 10}, 'ridge__alpha': 0.03359818286283781}",0.08678814807736945,0.07941198899598235,0.050302445433117085,0.063619567549788,0.045492355857888966,0.06512290118282917,0.016005156568614558,27,0.196573311619626,0.1649498360374843,0.1677156534447601,0.14234227439089067,0.19287251714920145,0.1728907185283925,0.019915741734737452
36,0.007310676574707031,0.0004297957488040807,0.004906415939331055,0.0004899114398537235,{'span': 10},0.07847599703514607,"{'preprocessor__num__smoother__kw_args': {'span': 10}, 'ridge__alpha': 0.07847599703514607}",0.08566405445622496,0.08036042546447175,0.050438565000342,0.06486335193264181,0.04630259582031822,0.06552579853479976,0.0156410388499319,8,0.19563176806289806,0.16443767977627155,0.16699079837563235,0.14327279719822628,0.19275565451719073,0.17261773958604382,0.01946731935387498
37,0.007305812835693359,0.0002924471252773204,0.004673957824707031,0.0006437960873509045,{'span': 10},0.18329807108324336,"{'preprocessor__num__smoother__kw_args': {'span': 10}, 'ridge__alpha': 0.18329807108324336}",0.08333554821200337,0.08166594824323492,0.05003465568520544,0.06620283699044388,0.04760178431772184,0.06576815468972189,0.01509372125857093,6,0.19343058337928024,0.16295392649734083,0.16538710055165134,0.1436685348949982,0.19262271094500774,0.17161257125365564,0.019037065979060804
38,0.00709376335144043,0.00021128275137603637,0.004262208938598633,0.0003749859660449742,{'span': 10},0.4281332398719387,"{'preprocessor__num__smoother__kw_args': {'span': 10}, 'ridge__alpha': 0.4281332398719387}",0.07872295713121072,0.08288701671125556,0.04943269871246163,0.06826608873314491,0.049912635127834976,0.06584427928318155,0.014038074408474576,4,0.18927492224740688,0.15961771291227297,0.16174053778110997,0.1441300154966286,0.19167924028757846,0.16928848574499938,0.018353460294651427
39,0.006728076934814453,0.0008089175596840115,0.0039007186889648436,0.00030975726435297974,{'span': 10},1.0,"{'preprocessor__num__smoother__kw_args': {'span': 10}, 'ridge__alpha': 1.0}",0.07319918999480969,0.08372831716553657,0.04840804482828898,0.07053443114592445,0.05298996810767808,0.06577199024844756,0.013154166688080735,5,0.18446220173257571,0.15396124460535002,0.15666912109618897,0.1428028729803814,0.19144385300390213,0.16586785868367965,0.018752380522990806
40,0.007384586334228516,0.0007688572287722566,0.004128694534301758,0.0006675461185062047,{'span': 20},1e-07,"{'preprocessor__num__smoother__kw_args': {'span': 20}, 'ridge__alpha': 1e-07}",0.08757932119372629,0.0775788142754303,0.05028310117691671,0.06137460597685297,0.04446695232925309,0.06425655899043586,0.016227294481291843,61,0.19897190076796045,0.1630814371775735,0.16742211434853205,0.14332849521483101,0.19326021398408172,0.17321283229859574,0.020467917848498985
41,0.006880569458007813,0.0003264963391280835,0.004409027099609375,0.0005660827788316738,{'span': 20},2.3357214690901212e-07,"{'preprocessor__num__smoother__kw_args': {'span': 20}, 'ridge__alpha': 2.3357214690901212e-07}",0.08757877101913833,0.0775788142754303,0.05028110550573102,0.06137460597685297,0.04446695232925309,0.06425604982128114,0.016227480048202358,63,0.19897190076796045,0.1630814371775735,0.16742211434853205,0.14333100324935058,0.19326021398408172,0.17321333390549967,0.020467185485057323
42,0.006809425354003906,0.0006842066646637664,0.004246711730957031,0.0005535551821452812,{'span': 20},5.455594781168515e-07,"{'preprocessor__num__smoother__kw_args': {'span': 20}, 'ridge__alpha': 5.455594781168515e-07}",0.08757864126098079,0.07758173642624294,0.050282107234050494,0.06137460597685297,0.04446695232925309,0.06425680864547606,0.01622775007009007,60,0.19897149623741478,0.1630814371775735,0.16742374487961761,0.1433309184981841,0.1932625705119499,0.173214033460948,0.020467477791565675
43,0.007309103012084961,0.0006714047624590898,0.004769659042358399,0.0007885710935366488,{'span': 20},1.2742749857031322e-06,"{'preprocessor__num__smoother__kw_args': {'span': 20}, 'ridge__alpha': 1.2742749857031322e-06}",0.08757930302758424,0.07758173642624294,0.050281455851127733,0.061371551506738425,0.04446630873689242,0.06425607110971714,0.016228317984074078,62,0.19897173844041666,0.16308186843579286,0.16742374487961761,0.14333008898676705,0.19326288851571058,0.17321406585166094,0.020467800576021693
44,0.007011270523071289,0.0004938710111074499,0.003721332550048828,0.00020137938027194835,{'span': 20},2.976351441631319e-06,"{'preprocessor__num__smoother__kw_args': {'span': 20}, 'ridge__alpha': 2.976351441631319e-06}",0.08757812352593224,0.07758013002184418,0.05027964054294256,0.061375136681303635,0.04446134944253259,0.06425487604291105,0.01622911006868576,65,0.19896643574065243,0.16307904838204534,0.16742564841590793,0.1433289639712828,0.19326102849371407,0.1732122250007205,0.020466601667341707
45,0.0077970027923583984,0.000971520528565909,0.004003381729125977,0.0006399008199206666,{'span': 20},6.951927961775606e-06,"{'preprocessor__num__smoother__kw_args': {'span': 20}, 'ridge__alpha': 6.951927961775606e-06}",0.08758542631503831,0.07757741548387788,0.05028038535130446,0.061375224915784427,0.04445889963935326,0.06425547034107167,0.016231229736926284,64,0.19897153488683,0.16307819411576382,0.16742733144799435,0.143331283003201,0.19325947147530084,0.173213562985818,0.020466892280573155
46,0.007496309280395508,0.0003780530989434975,0.003973817825317383,0.000550572103359054,{'span': 20},1.623776739188721e-05,"{'preprocessor__num__smoother__kw_args': {'span': 20}, 'ridge__alpha': 1.623776739188721e-05}",0.08759990732541922,0.07758690209337668,0.050300282374686305,0.06138731174208731,0.04446319198517805,0.06426751910414952,0.0162320483751271,58,0.19897094741571905,0.16308351021708367,0.1674341978288997,0.1433338255381954,0.19326631680625334,0.17321775956123023,0.020466428320787534
47,0.0071223735809326175,0.0004832370100863085,0.004398775100708008,0.0006268492902804981,{'span': 20},3.792690190732254e-05,"{'preprocessor__num__smoother__kw_args': {'span': 20}, 'ridge__alpha': 3.792690190732254e-05}",0.08760649255191412,0.07759543757652305,0.05030493158785816,0.06140219482289183,0.04446818890892994,0.06427544908962343,0.016232795123111377,56,0.19896519509442478,0.1630808754168669,0.16742669318582612,0.14331099672398895,0.19326274826405196,0.17320930173703175,0.020471633956682046
48,0.008102989196777344,0.0017801891184964218,0.004433679580688477,0.0006341512458086386,{'span': 20},8.858667904100833e-05,"{'preprocessor__num__smoother__kw_args': {'span': 20}, 'ridge__alpha': 8.858667904100833e-05}",0.08759894451989031,0.07761454574387076,0.05027970023141756,0.06142937234054228,0.04446464006798956,0.0642774405807421,0.016238018425055005,55,0.1989560287414553,0.16307001220982445,0.16740316298723049,0.14330804018329635,0.19326103599380276,0.17319965602312187,0.020472261305233806
49,0.0060122966766357425,0.00036606132411503585,0.004060602188110352,0.00044695861420911734,{'span': 20},0.0002069138081114788,"{'preprocessor__num__smoother__kw_args': {'span': 20}, 'ridge__alpha': 0.0002069138081114788}",0.08756856294488506,0.07757675631309066,0.05027718163728791,0.06140920557141727,0.044477475583376114,0.0642618364100114,0.01622109490095448,59,0.19897269179265806,0.16306740591015081,0.16739859090006512,0.1433452909460006,0.19324654507243397,0.17320610492426172,0.02046325921481413
50,0.007470273971557617,0.00036997538525261614,0.0044995307922363285,0.0005564903452932313,{'span': 20},0.0004832930238571752,"{'preprocessor__num__smoother__kw_args': {'span': 20}, 'ridge__alpha': 0.0004832930238571752}",0.08756172079723824,0.07760969409116718,0.050203555903382206,0.06146859775751879,0.044496529031408515,0.06426801951614299,0.01623055473312001,57,0.19893764063802116,0.16307278051258564,0.16736085543065057,0.1433980511721708,0.1932652187932683,0.1732069093093393,0.020444320726918007
51,0.007305955886840821,0.0005517111342864514,0.0046875,0.0007785519825568604,{'span': 20},0.0011288378916846883,"{'preprocessor__num__smoother__kw_args': {'span': 20}, 'ridge__alpha': 0.0011288378916846883}",0.08758697562743928,0.07772697718324188,0.050287978763384186,0.061464804972410546,0.04452731246924019,0.06431880980314322,0.01623514350584979,53,0.19888995885449978,0.16304741502914358,0.16731932338885563,0.14337075604649183,0.19320185204389678,0.17316586107257753,0.020432735390217463
52,0.006921720504760742,0.00036374182353569477,0.003997611999511719,0.00022042941475872602,{'span': 20},0.0026366508987303553,"{'preprocessor__num__smoother__kw_args': {'span': 20}, 'ridge__alpha': 0.0026366508987303553}",0.08751506235895178,0.07804608591359351,0.05029817900473053,0.06141402343358181,0.044551976589384534,0.06436506546004843,0.016261839448568894,52,0.19873604657669774,0.16294964916581894,0.16719090444058984,0.14346290906484832,0.1932137584347011,0.1731106535365312,0.020386631827982636
53,0.007706975936889649,0.0009588372500163008,0.004346370697021484,0.0004204967871233325,{'span': 20},0.006158482110660254,"{'preprocessor__num__smoother__kw_args': {'span': 20}, 'ridge__alpha': 0.006158482110660254}",0.08729796528316147,0.07853384764211307,0.05044656325599126,0.06146930363336514,0.04485897533568462,0.0645213310300631,0.016181148786652288,50,0.19849823543671252,0.1627752873426479,0.16706787284503222,0.14365983102520172,0.19315630400524833,0.17303150613096854,0.020283057143016717
54,0.006884193420410157,0.0006685172201536282,0.004096221923828125,0.0010560839855884836,{'span': 20},0.01438449888287663,"{'preprocessor__num__smoother__kw_args': {'span': 20}, 'ridge__alpha': 0.01438449888287663}",0.08649746904318575,0.07924424949433842,0.050538617157763734,0.062213660093870554,0.04546381980305867,0.06479156311844343,0.01589578692434761,35,0.19762662284351765,0.1624896863993647,0.16617477681844495,0.1442794085528136,0.19311345224848592,0.17273678937252535,0.019962954948578346
55,0.007092618942260742,0.00037455762441313315,0.004562091827392578,0.0001786659518483471,{'span': 20},0.03359818286283781,"{'preprocessor__num__smoother__kw_args': {'span': 20}, 'ridge__alpha': 0.03359818286283781}",0.0847498770944328,0.08078787306596043,0.05064508193352074,0.06315694897672143,0.046532180526638725,0.06517439231945482,0.015425196165086903,26,0.19605979358806055,0.16164327051748048,0.16480646123195025,0.14505651074853063,0.19304458268403846,0.1721221237540121,0.01952759081614786
56,0.0071217060089111325,0.0006053501829797233,0.004296636581420899,0.00036937077448940154,{'span': 20},0.07847599703514607,"{'preprocessor__num__smoother__kw_args': {'span': 20}, 'ridge__alpha': 0.07847599703514607}",0.08077263126103157,0.08177351116135866,0.04989177964212625,0.0648520345629141,0.04796689971370339,0.0650513712682268,0.014481160865458113,29,0.1927900930006149,0.15910254684369615,0.16206562772884484,0.14550454666511387,0.1924851840686229,0.1703895996613785,0.01900499347439243
57,0.00718541145324707,0.0007572603663934943,0.004184246063232422,0.0004132736674129479,{'span': 20},0.18329807108324336,"{'preprocessor__num__smoother__kw_args': {'span': 20}, 'ridge__alpha': 0.18329807108324336}",0.07550224547401237,0.08295236415223066,0.049889111826809114,0.06659009034125343,0.05096318806601619,0.06517939997206434,0.013117339934963064,25,0.18815793740030157,0.1548007296051382,0.1572402074837665,0.1447804866994484,0.19244846813442237,0.16748556586461544,0.019140984790859957
58,0.007367849349975586,0.00032703128310981964,0.003998994827270508,0.0004748043120463692,{'span': 20},0.4281332398719387,"{'preprocessor__num__smoother__kw_args': {'span': 20}, 'ridge__alpha': 0.4281332398719387}",0.06988147243661971,0.08356712395645473,0.04902615272382096,0.06760603642634049,0.05494192275202072,0.06500454165905131,0.012096998822971942,31,0.183146725083873,0.1474916543010927,0.15233458070957656,0.14133655929863917,0.19230868298133127,0.16332364047490255,0.020434922715288597
59,0.006821393966674805,0.0005325964327170523,0.003688812255859375,0.0003834410040015776,{'span': 20},1.0,"{'preprocessor__num__smoother__kw_args': {'span': 20}, 'ridge__alpha': 1.0}",0.06644395955223023,0.08293523349724459,0.047088533770370214,0.06497644128813596,0.058499533935882586,0.06398874040877271,0.011676657283175957,77,0.1789617110094758,0.13871715156738978,0.1479813349663526,0.13435636922615574,0.19069843418862242,0.15814300019159927,0.022537532475671716
60,0.007289266586303711,0.0010852057019119002,0.004303598403930664,0.00036453265458178606,{'span': 50},1e-07,"{'preprocessor__num__smoother__kw_args': {'span': 50}, 'ridge__alpha': 1e-07}",0.08701792122756935,0.07971463532519718,0.04833957565959259,0.06096972649093893,0.0444316001641998,0.06409469177349957,0.016817154031391682,74,0.20290685441438452,0.16058835891186546,0.16610810279732627,0.1466175327337992,0.19263020128358807,0.1737702100281927,0.020853682104437953
61,0.007305526733398437,0.00032306129551472806,0.004082441329956055,0.00024004666436523654,{'span': 50},2.3357214690901212e-07,"{'preprocessor__num__smoother__kw_args': {'span': 50}, 'ridge__alpha': 2.3357214690901212e-07}",0.08701771620968045,0.07971500643316007,0.048340701955164225,0.06096972649093893,0.0444316001641998,0.06409495025062868,0.016816956049675792,73,0.2029096217125122,0.16058835891186546,0.16610989983158614,0.14661618946531102,0.19263092129210282,0.17377099824267556,0.020854803396211076
62,0.007067584991455078,0.0006675832202517016,0.004105758666992187,0.0006742182236864214,{'span': 50},5.455594781168515e-07,"{'preprocessor__num__smoother__kw_args': {'span': 50}, 'ridge__alpha': 5.455594781168515e-07}",0.08701544673950516,0.07971494933962732,0.04834684467778649,0.06097022475624223,0.04443241503517259,0.06409597610966676,0.016814966876105862,72,0.20290812984508583,0.1605842308331882,0.16611062209535585,0.146616049963391,0.19263559684739567,0.1737709259168833,0.020855737493496555
63,0.007933855056762695,0.0005889930525778541,0.004753017425537109,0.0007335033912993854,{'span': 50},1.2742749857031322e-06,"{'preprocessor__num__smoother__kw_args': {'span': 50}, 'ridge__alpha': 1.2742749857031322e-06}",0.0870092858221854,0.07971650124565392,0.0483430414838689,0.06096811231896676,0.04442917890745583,0.06409322395562617,0.016815123686995424,75,0.20290750758950124,0.1605788652309249,0.16611588269564753,0.14661817999270785,0.19263547534595882,0.17377118217094809,0.020855279329141874
64,0.007104635238647461,0.0004026273309823739,0.004125165939331055,0.0002966846694554089,{'span': 50},2.976351441631319e-06,"{'preprocessor__num__smoother__kw_args': {'span': 50}, 'ridge__alpha': 2.976351441631319e-06}",0.08700958296836617,0.07971323393848417,0.048336682066130905,0.06096477757461911,0.044428727354751174,0.06409060078047031,0.016816018574562847,76,0.2029087971916548,0.16058470484222234,0.16610959607579515,0.14660972362631786,0.19263017728330423,0.1737685998038589,0.020856606572047107
65,0.007573366165161133,0.0007332039701805546,0.0041534423828125,0.00047024442741149794,{'span': 50},6.951927961775606e-06,"{'preprocessor__num__smoother__kw_args': {'span': 50}, 'ridge__alpha': 6.951927961775606e-06}",0.08701335114526097,0.07972661069369183,0.0483424666579032,0.06096140649842642,0.044438796461039064,0.06409652629126429,0.016816219033664117,71,0.20289866717993318,0.16059239623881308,0.1661103580903227,0.14661160315218688,0.19264237542755877,0.17377108001776292,0.020854465586729796
66,0.006626129150390625,0.000520162683022567,0.003936624526977539,0.0002601566289596341,{'span': 50},1.623776739188721e-05,"{'preprocessor__num__smoother__kw_args': {'span': 50}, 'ridge__alpha': 1.623776739188721e-05}",0.08700071270071705,0.07973843424529257,0.04832499091048524,0.06097107855460051,0.04445087419832355,0.06409721812188378,0.016815067261874123,70,0.20290593326998912,0.16060919580899696,0.16609833686114184,0.14662931764600198,0.19263590885108542,0.17377573848744304,0.020849473760985858
67,0.00702362060546875,0.0002587114003335675,0.004275369644165039,0.000997058429621522,{'span': 50},3.792690190732254e-05,"{'preprocessor__num__smoother__kw_args': {'span': 50}, 'ridge__alpha': 3.792690190732254e-05}",0.08701767987739634,0.07976876518456685,0.04835946359994565,0.06100666170411249,0.04444852560523321,0.0641202191942509,0.01681809670060941,69,0.2028884302381629,0.16059945237329631,0.16609034770883124,0.14665421123862718,0.1926449719582652,0.17377548270343657,0.020841563184712357
68,0.0070721149444580075,0.0004321702935060887,0.004615592956542969,0.000398673775572192,{'span': 50},8.858667904100833e-05,"{'preprocessor__num__smoother__kw_args': {'span': 50}, 'ridge__alpha': 8.858667904100833e-05}",0.08701050944161096,0.07978936816440844,0.0483375916665868,0.060976899435201126,0.04450217344021679,0.06412330842960481,0.01681265641909386,68,0.20287214466291514,0.16059200923143707,0.16607018582445143,0.14674045492565005,0.19267665758297756,0.17379029044548627,0.02082276327671684
69,0.006523704528808594,0.0005050145085971475,0.003992128372192383,0.0002252283367653669,{'span': 50},0.0002069138081114788,"{'preprocessor__num__smoother__kw_args': {'span': 50}, 'ridge__alpha': 0.0002069138081114788}",0.08696384711057978,0.0798897995812594,0.04841136921683106,0.0609432846931504,0.044503480088416786,0.06414235613804749,0.01680586734045183,67,0.202769382309491,0.16059794484456424,0.16591785717035482,0.1467792447095368,0.19269085675089612,0.1737510571569686,0.020797217388622436
70,0.007314348220825195,0.000660393135978238,0.004578971862792968,0.0007175542393730107,{'span': 50},0.0004832930238571752,"{'preprocessor__num__smoother__kw_args': {'span': 50}, 'ridge__alpha': 0.0004832930238571752}",0.08662893611565553,0.08016045796116983,0.0485410943317783,0.06097621821310676,0.04450550948045727,0.06416244322043355,0.016740689314434447,66,0.20254594488701536,0.16063097247403954,0.16591564312814486,0.14692223567760604,0.19275229747749056,0.17375341872885924,0.0207051136789004
71,0.007121419906616211,0.0002495953808240472,0.004568862915039063,0.0005916709402291945,{'span': 50},0.0011288378916846883,"{'preprocessor__num__smoother__kw_args': {'span': 50}, 'ridge__alpha': 0.0011288378916846883}",0.08614364839196392,0.08072144474060394,0.04866814125080406,0.061140855968873024,0.04479825447255988,0.06429446896496097,0.016622045283658467,54,0.20230478670767457,0.16046956789782135,0.1658839452738355,0.1473260712358336,0.19279527448573416,0.17375592912017984,0.020564857662987834
72,0.007037353515625,0.0006956386141902996,0.0039898395538330075,0.0004545332900613698,{'span': 50},0.0026366508987303553,"{'preprocessor__num__smoother__kw_args': {'span': 50}, 'ridge__alpha': 0.0026366508987303553}",0.0854672749127415,0.08185881019686984,0.04866847213256762,0.06141328122589042,0.04550187479651371,0.06458194265291661,0.01650463695075215,49,0.20145911689026985,0.1603336120566319,0.165422662479628,0.14777021384883102,0.19299547885333942,0.17359621682574006,0.020309400153107258
73,0.007403278350830078,0.0005855059679978595,0.004295158386230469,0.00038340546493366423,{'span': 50},0.006158482110660254,"{'preprocessor__num__smoother__kw_args': {'span': 50}, 'ridge__alpha': 0.006158482110660254}",0.08362020646767745,0.0831724973508165,0.048643767591797615,0.06233648638383351,0.04702724059390897,0.0649600396776068,0.015966117178396314,32,0.1995698961146231,0.1595690557349133,0.16365562429161573,0.14862323133941513,0.1930549793069883,0.1728945573575111,0.019849637051363424
74,0.007029247283935547,0.0002910827973202329,0.003922939300537109,0.0006325595287391603,{'span': 50},0.01438449888287663,"{'preprocessor__num__smoother__kw_args': {'span': 50}, 'ridge__alpha': 0.01438449888287663}",0.07972382721563365,0.08458646540230046,0.0487890376617543,0.062972832161754,0.04921002949990141,0.06505643838826876,0.014944113664874328,28,0.19629782631802623,0.15717570987001028,0.16019150999939566,0.14886060885658225,0.19340468069253663,0.17118606714731022,0.019697023746381295
75,0.007341766357421875,0.0005233771164976239,0.004044914245605468,0.0003979714060062127,{'span': 50},0.03359818286283781,"{'preprocessor__num__smoother__kw_args': {'span': 50}, 'ridge__alpha': 0.03359818286283781}",0.07490904956893304,0.08594717167562864,0.048085688136052476,0.06346826617628057,0.05217977226246711,0.06491798956387237,0.014069385413652378,33,0.19205443616692422,0.15170596062177555,0.15478016658388133,0.14755369186871095,0.19343086575219962,0.16790502419869832,0.020413774571154352
76,0.0071201324462890625,0.0003886934519470532,0.004300355911254883,0.0005959647504130238,{'span': 50},0.07847599703514607,"{'preprocessor__num__smoother__kw_args': {'span': 50}, 'ridge__alpha': 0.07847599703514607}",0.06918677710555332,0.0861857266215889,0.047088428666751204,0.06355090555293953,0.05588471159918195,0.06437930990920299,0.013194321347040685,51,0.18778069076513107,0.14409163324991503,0.14876533241301065,0.14319580113848399,0.1931472348979976,0.16339613849290766,0.022246402699216593
77,0.007016229629516602,0.0004828147626118493,0.0042037487030029295,0.00027417988984083794,{'span': 50},0.18329807108324336,"{'preprocessor__num__smoother__kw_args': {'span': 50}, 'ridge__alpha': 0.18329807108324336}",0.06569324892213754,0.0857699209104604,0.0455123505917953,0.06105591600788395,0.05845186009127908,0.06329665930471126,0.013081022707203302,78,0.1838778161333157,0.1353437657738549,0.14419787958599783,0.13574548584538917,0.19129367572791434,0.1580917246132944,0.024401454963883296
78,0.007224035263061523,0.00039253672193272706,0.0044667720794677734,0.00047587249452672774,{'span': 50},0.4281332398719387,"{'preprocessor__num__smoother__kw_args': {'span': 50}, 'ridge__alpha': 0.4281332398719387}",0.06398279765081583,0.08391077901314867,0.043004976597860275,0.056196008815687995,0.05973744102197638,0.06136640061989782,0.013278726471007902,79,0.18006392662672271,0.1276504326462196,0.14123253755270976,0.12534427818741783,0.18873484046727695,0.15260520309606937,0.02666296424311733
79,0.006642293930053711,0.0006669483575395638,0.0041827201843261715,0.00038646710635570916,{'span': 50},1.0,"{'preprocessor__num__smoother__kw_args': {'span': 50}, 'ridge__alpha': 1.0}",0.06167548740162758,0.08063115391371785,0.0396077123205347,0.052086006475760324,0.05864225054186093,0.058528522130700276,0.01340108733006535,80,0.1751624838026925,0.12153991768559788,0.1391382351255105,0.11733849699911746,0.18569035721339458,0.1477738981652626,0.027845655108311818
