,mean_fit_time,std_fit_time,mean_score_time,std_score_time,param_logistic__C,param_logistic__penalty,param_preprocessor__num__pca__n_components,params,split0_test_score,split1_test_score,split2_test_score,split3_test_score,split4_test_score,mean_test_score,std_test_score,rank_test_score,split0_train_score,split1_train_score,split2_train_score,split3_train_score,split4_train_score,mean_train_score,std_train_score
0,0.01533365249633789,0.004318282268575673,0.9889124393463135,0.9050596002727438,1000.0,l1,2,"{'logistic__C': 1000.0, 'logistic__penalty': 'l1', 'preprocessor__num__pca__n_components': 2}",0.09259095771609568,0.06652668056872937,0.07299317582286964,0.07742718301192081,0.0986138956848397,0.08163037856089103,0.012074468653451877,70,0.1100234243264773,0.11693702478240986,0.11213615748928205,0.12124216831711931,0.12470762367599342,0.11700927971825639,0.00547241376672373
1,0.015851736068725586,0.004620259844591098,0.5363967895507813,0.023222649740269694,1000.0,l1,3,"{'logistic__C': 1000.0, 'logistic__penalty': 'l1', 'preprocessor__num__pca__n_components': 3}",0.09259095771609568,0.0739468261946836,0.06732957158949344,0.07915363024266783,0.08975000983135721,0.08055419911485956,0.009486371652162729,88,0.1104556184330677,0.11854478246924156,0.11802079089460213,0.12491742531449683,0.12995245815478942,0.12037821505323953,0.006627931927138622
2,0.015376758575439454,0.00044505055063524053,0.5251891613006592,0.019615095418381533,1000.0,l1,4,"{'logistic__C': 1000.0, 'logistic__penalty': 'l1', 'preprocessor__num__pca__n_components': 4}",0.09244744479163633,0.07951175516062434,0.07493966528361401,0.07195698260507499,0.09324562864887384,0.08242029529796471,0.008850219350706016,61,0.11921239155391582,0.11557999523915975,0.11671394862847138,0.12654137696789797,0.13027701337757763,0.12166494515340451,0.005753282672463582
3,0.015596389770507812,0.0005829834965301779,0.5491668701171875,0.029306362122652904,1000.0,l1,5,"{'logistic__C': 1000.0, 'logistic__penalty': 'l1', 'preprocessor__num__pca__n_components': 5}",0.09249481301791213,0.07779263100898293,0.08233452138040659,0.08197961710059341,0.10249192801236504,0.08741870210405203,0.00895614677554705,21,0.1183819188179856,0.11940037299784316,0.11841761059411511,0.12974749483606862,0.12177079753826572,0.12154363895685565,0.004282918837434629
4,0.015030860900878906,0.0005257789739055273,0.553554630279541,0.03986351431339303,1000.0,l2,2,"{'logistic__C': 1000.0, 'logistic__penalty': 'l2', 'preprocessor__num__pca__n_components': 2}",0.09259095771609568,0.06652668056872937,0.07299317582286964,0.07742718301192081,0.0986138956848397,0.08163037856089103,0.012074468653451877,70,0.1100234243264773,0.11693702478240986,0.11213615748928205,0.12124216831711931,0.12470762367599342,0.11700927971825639,0.00547241376672373
5,0.016080427169799804,0.0023507976454411436,0.573026466369629,0.05450264152273884,1000.0,l2,3,"{'logistic__C': 1000.0, 'logistic__penalty': 'l2', 'preprocessor__num__pca__n_components': 3}",0.09259095771609568,0.0739468261946836,0.06732957158949344,0.07915363024266783,0.08975000983135721,0.08055419911485956,0.009486371652162729,88,0.11003376623078855,0.11854478246924156,0.11802079089460213,0.12491742531449683,0.12955702852947132,0.12021475868772007,0.006643011393251016
6,0.01713242530822754,0.0015806554808930017,0.5615005016326904,0.014787381063770333,1000.0,l2,4,"{'logistic__C': 1000.0, 'logistic__penalty': 'l2', 'preprocessor__num__pca__n_components': 4}",0.09244744479163633,0.07951175516062434,0.07493966528361401,0.07195698260507499,0.09324562864887384,0.08242029529796471,0.008850219350706016,61,0.11921239155391582,0.11557999523915975,0.11671394862847138,0.12654137696789797,0.13027701337757763,0.12166494515340451,0.005753282672463582
7,0.016754865646362305,0.0013855003805130367,0.5633781909942627,0.04273574555968063,1000.0,l2,5,"{'logistic__C': 1000.0, 'logistic__penalty': 'l2', 'preprocessor__num__pca__n_components': 5}",0.09249481301791213,0.07779263100898293,0.08233452138040659,0.08197961710059341,0.10249192801236504,0.08741870210405203,0.00895614677554705,21,0.1183819188179856,0.11940037299784316,0.11841761059411511,0.12974749483606862,0.12177079753826572,0.12154363895685565,0.004282918837434629
8,0.01429743766784668,0.0007131182425557033,0.5286576271057128,0.01459801837739125,428.13323987193957,l1,2,"{'logistic__C': 428.13323987193957, 'logistic__penalty': 'l1', 'preprocessor__num__pca__n_components': 2}",0.09259095771609568,0.06652668056872937,0.07299317582286964,0.07742718301192081,0.0986138956848397,0.08163037856089103,0.012074468653451877,70,0.1100234243264773,0.11693702478240986,0.11213615748928205,0.12124216831711931,0.12470762367599342,0.11700927971825639,0.00547241376672373
9,0.014901351928710938,0.00021112497070996145,0.5319261074066162,0.013596047128931253,428.13323987193957,l1,3,"{'logistic__C': 428.13323987193957, 'logistic__penalty': 'l1', 'preprocessor__num__pca__n_components': 3}",0.09259095771609568,0.0739468261946836,0.06732957158949344,0.07915363024266783,0.08975000983135721,0.08055419911485956,0.009486371652162729,88,0.11003376623078855,0.11854478246924156,0.11802079089460213,0.12491742531449683,0.12955702852947132,0.12021475868772007,0.006643011393251016
10,0.016276836395263672,0.001478982684886253,0.524786901473999,0.01510784604965244,428.13323987193957,l1,4,"{'logistic__C': 428.13323987193957, 'logistic__penalty': 'l1', 'preprocessor__num__pca__n_components': 4}",0.09244744479163633,0.07951175516062434,0.07493966528361401,0.07195698260507499,0.09324562864887384,0.08242029529796471,0.008850219350706016,61,0.11879273163628984,0.11557999523915975,0.11671394862847138,0.12654137696789797,0.13027701337757763,0.1215810131698793,0.0057913845665192604
11,0.01542510986328125,0.00043026469255916776,0.5225893020629883,0.0037621699066996586,428.13323987193957,l1,5,"{'logistic__C': 428.13323987193957, 'logistic__penalty': 'l1', 'preprocessor__num__pca__n_components': 5}",0.09249481301791213,0.07779263100898293,0.08233452138040659,0.08197961710059341,0.10249192801236504,0.08741870210405203,0.00895614677554705,21,0.1179620922577143,0.11940037299784316,0.11841761059411511,0.12974749483606862,0.12216713282586099,0.12153894070232044,0.004356259968768082
12,0.014267730712890624,0.0009387115461326997,0.5592308521270752,0.013817181023993385,428.13323987193957,l2,2,"{'logistic__C': 428.13323987193957, 'logistic__penalty': 'l2', 'preprocessor__num__pca__n_components': 2}",0.09259095771609568,0.06652668056872937,0.07299317582286964,0.07742718301192081,0.0986138956848397,0.08163037856089103,0.012074468653451877,70,0.1100234243264773,0.11693702478240986,0.11213615748928205,0.12124216831711931,0.12470762367599342,0.11700927971825639,0.00547241376672373
13,0.01648268699645996,0.0025938219107924246,0.5757592201232911,0.048444356928913176,428.13323987193957,l2,3,"{'logistic__C': 428.13323987193957, 'logistic__penalty': 'l2', 'preprocessor__num__pca__n_components': 3}",0.09259095771609568,0.0739468261946836,0.06732957158949344,0.07915363024266783,0.08975000983135721,0.08055419911485956,0.009486371652162729,88,0.11003376623078855,0.11854478246924156,0.11802079089460213,0.12491742531449683,0.12955702852947132,0.12021475868772007,0.006643011393251016
14,0.016390132904052734,0.0010566988400847075,0.5840315818786621,0.01220761413132549,428.13323987193957,l2,4,"{'logistic__C': 428.13323987193957, 'logistic__penalty': 'l2', 'preprocessor__num__pca__n_components': 4}",0.09244744479163633,0.07951175516062434,0.07493966528361401,0.07195698260507499,0.09324562864887384,0.08242029529796471,0.008850219350706016,61,0.11921239155391582,0.11557999523915975,0.11671394862847138,0.12654137696789797,0.13027701337757763,0.12166494515340451,0.005753282672463582
15,0.0157071590423584,0.0003742064658550506,0.5897525787353516,0.03255329741777987,428.13323987193957,l2,5,"{'logistic__C': 428.13323987193957, 'logistic__penalty': 'l2', 'preprocessor__num__pca__n_components': 5}",0.09249481301791213,0.07779263100898293,0.08233452138040659,0.08197961710059341,0.10249192801236504,0.08741870210405203,0.00895614677554705,21,0.1183819188179856,0.11940037299784316,0.11841761059411511,0.12974749483606862,0.12177079753826572,0.12154363895685565,0.004282918837434629
16,0.0278109073638916,0.0028933766190625647,0.9888794422149658,0.010595921812519667,183.29807108324357,l1,2,"{'logistic__C': 183.29807108324357, 'logistic__penalty': 'l1', 'preprocessor__num__pca__n_components': 2}",0.09259095771609568,0.06652668056872937,0.07299317582286964,0.07742718301192081,0.0986138956848397,0.08163037856089103,0.012074468653451877,70,0.11044533535330722,0.11693702478240986,0.11213615748928205,0.12124216831711931,0.12470762367599342,0.11709366192362239,0.005366267799123033
17,0.02487668991088867,0.0019565062003247726,0.9794580459594726,0.03307070329408487,183.29807108324357,l1,3,"{'logistic__C': 183.29807108324357, 'logistic__penalty': 'l1', 'preprocessor__num__pca__n_components': 3}",0.09259095771609568,0.0739468261946836,0.06732957158949344,0.07915363024266783,0.08975000983135721,0.08055419911485956,0.009486371652162729,88,0.11003376623078855,0.11854478246924156,0.11802079089460213,0.12491742531449683,0.13036217728655125,0.12037578843913606,0.006873288112307217
18,0.026578426361083984,0.0003741526697816724,1.009365701675415,0.033623637113050844,183.29807108324357,l1,4,"{'logistic__C': 183.29807108324357, 'logistic__penalty': 'l1', 'preprocessor__num__pca__n_components': 4}",0.09244744479163633,0.07951175516062434,0.07493966528361401,0.07370589549759475,0.09324562864887384,0.08277007787646866,0.008455531028722355,51,0.11921239155391582,0.11557999523915975,0.11671394862847138,0.12654137696789797,0.13027701337757763,0.12166494515340451,0.005753282672463582
19,0.02731022834777832,0.0015855494793830009,0.9687907695770264,0.03308126186694669,183.29807108324357,l1,5,"{'logistic__C': 183.29807108324357, 'logistic__penalty': 'l1', 'preprocessor__num__pca__n_components': 5}",0.09249481301791213,0.07779263100898293,0.08233452138040659,0.08197961710059341,0.10249192801236504,0.08741870210405203,0.00895614677554705,21,0.1183819188179856,0.11940037299784316,0.11841761059411511,0.13016127939256317,0.12216713282586099,0.1217056629256736,0.004447096333198267
20,0.025242090225219727,0.001449980940504067,0.9890938758850097,0.02057540049112871,183.29807108324357,l2,2,"{'logistic__C': 183.29807108324357, 'logistic__penalty': 'l2', 'preprocessor__num__pca__n_components': 2}",0.09259095771609568,0.06652668056872937,0.07299317582286964,0.07742718301192081,0.0986138956848397,0.08163037856089103,0.012074468653451877,70,0.1100234243264773,0.11693702478240986,0.11213615748928205,0.12124216831711931,0.12470762367599342,0.11700927971825639,0.00547241376672373
21,0.025586366653442383,0.0006450528225967919,0.9674258232116699,0.051920523677974006,183.29807108324357,l2,3,"{'logistic__C': 183.29807108324357, 'logistic__penalty': 'l2', 'preprocessor__num__pca__n_components': 3}",0.09259095771609568,0.0739468261946836,0.06732957158949344,0.07915363024266783,0.08975000983135721,0.08055419911485956,0.009486371652162729,88,0.11003376623078855,0.11854478246924156,0.11802079089460213,0.12491742531449683,0.12955702852947132,0.12021475868772007,0.006643011393251016
22,0.0280092716217041,0.002812938203354357,0.9877626895904541,0.03166598680525238,183.29807108324357,l2,4,"{'logistic__C': 183.29807108324357, 'logistic__penalty': 'l2', 'preprocessor__num__pca__n_components': 4}",0.09244744479163633,0.07951175516062434,0.07493966528361401,0.07370589549759475,0.09324562864887384,0.08277007787646866,0.008455531028722355,51,0.11921239155391582,0.11557999523915975,0.11671394862847138,0.12654137696789797,0.13027701337757763,0.12166494515340451,0.005753282672463582
23,0.02609143257141113,0.001165985154076584,0.9827189922332764,0.0315720326903487,183.29807108324357,l2,5,"{'logistic__C': 183.29807108324357, 'logistic__penalty': 'l2', 'preprocessor__num__pca__n_components': 5}",0.09249481301791213,0.07779263100898293,0.08233452138040659,0.08197961710059341,0.10249192801236504,0.08741870210405203,0.00895614677554705,21,0.1183819188179856,0.11940037299784316,0.11841761059411511,0.12974749483606862,0.12216713282586099,0.12162290601437468,0.0042900511906456855
24,0.03889689445495605,0.027464039444971593,0.9673449039459229,0.03950326240786352,78.47599703514615,l1,2,"{'logistic__C': 78.47599703514615, 'logistic__penalty': 'l1', 'preprocessor__num__pca__n_components': 2}",0.09259095771609568,0.06652668056872937,0.07488018374182387,0.07742718301192081,0.0986138956848397,0.08200778014468188,0.011825528871863597,65,0.1100234243264773,0.11693702478240986,0.11213615748928205,0.12164548021577608,0.12470762367599342,0.11708994209798776,0.005536804840996935
25,0.035818624496459964,0.020556753784695084,0.9682601451873779,0.011755835777973773,78.47599703514615,l1,3,"{'logistic__C': 78.47599703514615, 'logistic__penalty': 'l1', 'preprocessor__num__pca__n_components': 3}",0.09259095771609568,0.0739468261946836,0.06732957158949344,0.07915363024266783,0.08975000983135721,0.08055419911485956,0.009486371652162729,88,0.11003376623078855,0.11854478246924156,0.11802079089460213,0.12491742531449683,0.13036217728655125,0.12037578843913606,0.006873288112307217
26,0.04129514694213867,0.028944820476364434,0.9694849967956543,0.007327170099302194,78.47599703514615,l1,4,"{'logistic__C': 78.47599703514615, 'logistic__penalty': 'l1', 'preprocessor__num__pca__n_components': 4}",0.09244744479163633,0.07951175516062434,0.07493966528361401,0.07370589549759475,0.09324562864887384,0.08277007787646866,0.008455531028722355,51,0.11921239155391582,0.11557999523915975,0.11671394862847138,0.12654137696789797,0.13027701337757763,0.12166494515340451,0.005753282672463582
27,0.07287735939025879,0.05674291825848053,0.9726183891296387,0.00901719989059802,78.47599703514615,l1,5,"{'logistic__C': 78.47599703514615, 'logistic__penalty': 'l1', 'preprocessor__num__pca__n_components': 5}",0.09249481301791213,0.07779263100898293,0.08233452138040659,0.08197961710059341,0.10249192801236504,0.08741870210405203,0.00895614677554705,21,0.1179620922577143,0.11940037299784316,0.11841761059411511,0.13016127939256317,0.12175579134459502,0.12153942931736617,0.004505591321087432
28,0.024541711807250975,0.0009536685299697806,0.9817153453826905,0.020556677209242764,78.47599703514615,l2,2,"{'logistic__C': 78.47599703514615, 'logistic__penalty': 'l2', 'preprocessor__num__pca__n_components': 2}",0.09259095771609568,0.06652668056872937,0.07299317582286964,0.07742718301192081,0.0986138956848397,0.08163037856089103,0.012074468653451877,70,0.1100234243264773,0.11693702478240986,0.11213615748928205,0.12124216831711931,0.12470762367599342,0.11700927971825639,0.00547241376672373
29,0.027075576782226562,0.0021529409358947414,0.9909588813781738,0.02557013440942118,78.47599703514615,l2,3,"{'logistic__C': 78.47599703514615, 'logistic__penalty': 'l2', 'preprocessor__num__pca__n_components': 3}",0.09259095771609568,0.0739468261946836,0.06732957158949344,0.07915363024266783,0.08975000983135721,0.08055419911485956,0.009486371652162729,88,0.11003376623078855,0.11854478246924156,0.11802079089460213,0.12491742531449683,0.12995245815478942,0.1202938446127837,0.006755168599694104
30,0.02684321403503418,0.0010855788056292352,0.9788936138153076,0.026278293053089492,78.47599703514615,l2,4,"{'logistic__C': 78.47599703514615, 'logistic__penalty': 'l2', 'preprocessor__num__pca__n_components': 4}",0.09244744479163633,0.07951175516062434,0.07493966528361401,0.07370589549759475,0.09324562864887384,0.08277007787646866,0.008455531028722355,51,0.11921239155391582,0.11557999523915975,0.11671394862847138,0.12654137696789797,0.13027701337757763,0.12166494515340451,0.005753282672463582
31,0.026818561553955077,0.0025166403840940535,0.9707436084747314,0.009077551126567517,78.47599703514615,l2,5,"{'logistic__C': 78.47599703514615, 'logistic__penalty': 'l2', 'preprocessor__num__pca__n_components': 5}",0.09249481301791213,0.07779263100898293,0.08233452138040659,0.08197961710059341,0.10249192801236504,0.08741870210405203,0.00895614677554705,21,0.1183819188179856,0.11940037299784316,0.11841761059411511,0.12974749483606862,0.12216713282586099,0.12162290601437468,0.0042900511906456855
32,0.043134546279907225,0.02015473911582639,1.0017328262329102,0.029464221224838896,33.59818286283783,l1,2,"{'logistic__C': 33.59818286283783, 'logistic__penalty': 'l1', 'preprocessor__num__pca__n_components': 2}",0.09259095771609568,0.06652668056872937,0.07299317582286964,0.07742718301192081,0.10025935614629888,0.08195947065318288,0.012546086324173648,66,0.1100234243264773,0.11693702478240986,0.11255005171106257,0.12164548021577608,0.12470762367599342,0.11717272094234384,0.005464748856570024
33,0.04163351058959961,0.01801954689961169,0.9850695133209229,0.020839821261414974,33.59818286283783,l1,3,"{'logistic__C': 33.59818286283783, 'logistic__penalty': 'l1', 'preprocessor__num__pca__n_components': 3}",0.09259095771609568,0.0739468261946836,0.06732957158949344,0.07915363024266783,0.08975000983135721,0.08055419911485956,0.009486371652162729,88,0.10961178163067437,0.11854478246924156,0.11802079089460213,0.12572389245029286,0.13036217728655125,0.12045268494627244,0.007114254033010643
34,0.0663489818572998,0.03195753884047377,0.9909862995147705,0.018512721686983737,33.59818286283783,l1,4,"{'logistic__C': 33.59818286283783, 'logistic__penalty': 'l1', 'preprocessor__num__pca__n_components': 4}",0.09244744479163633,0.08128922091812849,0.07493966528361401,0.07370589549759475,0.09324562864887384,0.0831255710279695,0.00834774722179691,49,0.11837296027893876,0.11557999523915975,0.11754160206727107,0.1265304593346695,0.12986710927333853,0.12157842523867553,0.005581702860216461
35,0.045629453659057614,0.018945205454008924,0.9801741123199463,0.013514328125581298,33.59818286283783,l1,5,"{'logistic__C': 33.59818286283783, 'logistic__penalty': 'l1', 'preprocessor__num__pca__n_components': 5}",0.09249481301791213,0.07963648652387767,0.08233452138040659,0.08197961710059341,0.10414474707538948,0.08811803701963586,0.009155081151077625,14,0.1179620922577143,0.11940037299784316,0.11925239915986235,0.13016127939256317,0.12175579134459502,0.12170638703051559,0.004401071373515375
36,0.02419619560241699,0.0016933683660910201,0.9753788948059082,0.022504484832326647,33.59818286283783,l2,2,"{'logistic__C': 33.59818286283783, 'logistic__penalty': 'l2', 'preprocessor__num__pca__n_components': 2}",0.09259095771609568,0.06652668056872937,0.07299317582286964,0.07742718301192081,0.0986138956848397,0.08163037856089103,0.012074468653451877,70,0.1100234243264773,0.11693702478240986,0.11213615748928205,0.12124216831711931,0.12470762367599342,0.11700927971825639,0.00547241376672373
37,0.024706363677978516,0.0018585013576419035,0.9844173908233642,0.03373049300109455,33.59818286283783,l2,3,"{'logistic__C': 33.59818286283783, 'logistic__penalty': 'l2', 'preprocessor__num__pca__n_components': 3}",0.09259095771609568,0.0739468261946836,0.06732957158949344,0.07915363024266783,0.08975000983135721,0.08055419911485956,0.009486371652162729,88,0.10961178163067437,0.11854478246924156,0.11802079089460213,0.12491742531449683,0.12995245815478942,0.12020944769276087,0.006884230690498185
38,0.025089120864868163,0.0005263389938516295,0.9712156295776367,0.014579356168153826,33.59818286283783,l2,4,"{'logistic__C': 33.59818286283783, 'logistic__penalty': 'l2', 'preprocessor__num__pca__n_components': 4}",0.09244744479163633,0.07951175516062434,0.07493966528361401,0.07370589549759475,0.09324562864887384,0.08277007787646866,0.008455531028722355,51,0.11879273163628984,0.11557999523915975,0.11671394862847138,0.12654137696789797,0.13027701337757763,0.1215810131698793,0.0057913845665192604
39,0.02668142318725586,0.0013255765537428716,1.0093626499176025,0.057300182810717463,33.59818286283783,l2,5,"{'logistic__C': 33.59818286283783, 'logistic__penalty': 'l2', 'preprocessor__num__pca__n_components': 5}",0.09249481301791213,0.07779263100898293,0.08233452138040659,0.08197961710059341,0.10249192801236504,0.08741870210405203,0.00895614677554705,21,0.1183819188179856,0.11940037299784316,0.11841761059411511,0.12974749483606862,0.12216713282586099,0.12162290601437468,0.0042900511906456855
40,0.11151390075683594,0.0392050433683906,0.9786465644836426,0.06353616358104872,14.38449888287663,l1,2,"{'logistic__C': 14.38449888287663, 'logistic__penalty': 'l1', 'preprocessor__num__pca__n_components': 2}",0.09259095771609568,0.06652668056872937,0.07299317582286964,0.07742718301192081,0.10025935614629888,0.08195947065318288,0.012546086324173648,66,0.1100234243264773,0.11693702478240986,0.11171295361202278,0.12164548021577608,0.12470762367599342,0.11700530132253588,0.005614574643921662
41,0.14006586074829103,0.08261524102362271,1.0260047435760498,0.030322286329973445,14.38449888287663,l1,3,"{'logistic__C': 14.38449888287663, 'logistic__penalty': 'l1', 'preprocessor__num__pca__n_components': 3}",0.09077768844608582,0.0739468261946836,0.06732957158949344,0.07915363024266783,0.08975000983135721,0.08019154526085757,0.009043614576118731,105,0.10918967779484604,0.11854478246924156,0.11802079089460213,0.12613815879312582,0.13036217728655125,0.12045111744767337,0.007306602078306046
42,0.16017003059387208,0.06678922563540417,1.0163912773132324,0.01312811842187334,14.38449888287663,l1,4,"{'logistic__C': 14.38449888287663, 'logistic__penalty': 'l1', 'preprocessor__num__pca__n_components': 4}",0.09244744479163633,0.08305653081448684,0.07493966528361401,0.07726440626786509,0.09332791081209238,0.08420719159393893,0.007569711012243943,43,0.1175330825422217,0.11557999523915975,0.11796352965352114,0.12611620186871247,0.12986710927333853,0.12141198371539072,0.005560011078219751
43,0.15015721321105957,0.13189647217099584,1.0307908058166504,0.020946429685198154,14.38449888287663,l1,5,"{'logistic__C': 14.38449888287663, 'logistic__penalty': 'l1', 'preprocessor__num__pca__n_components': 5}",0.09425854419240941,0.07963648652387767,0.08233452138040659,0.08017679326273976,0.10249192801236504,0.08777965467435969,0.009079550230264914,15,0.11712210408048812,0.11899570163582618,0.11926039872242418,0.13056483530913476,0.12215219024237786,0.12161904599805022,0.004753504568360739
44,0.025764989852905273,0.000837104185229152,1.0197905540466308,0.005305509111451359,14.38449888287663,l2,2,"{'logistic__C': 14.38449888287663, 'logistic__penalty': 'l2', 'preprocessor__num__pca__n_components': 2}",0.09259095771609568,0.06652668056872937,0.07299317582286964,0.07742718301192081,0.0986138956848397,0.08163037856089103,0.012074468653451877,70,0.1100234243264773,0.11693702478240986,0.11213615748928205,0.12124216831711931,0.12470762367599342,0.11700927971825639,0.00547241376672373
45,0.02572169303894043,0.0011264256335168248,1.0072404384613036,0.036551657900819434,14.38449888287663,l2,3,"{'logistic__C': 14.38449888287663, 'logistic__penalty': 'l2', 'preprocessor__num__pca__n_components': 3}",0.09259095771609568,0.0739468261946836,0.06732957158949344,0.07915363024266783,0.08975000983135721,0.08055419911485956,0.009486371652162729,88,0.10961178163067437,0.11854478246924156,0.11802079089460213,0.12491742531449683,0.12995245815478942,0.12020944769276087,0.006884230690498185
46,0.028561878204345702,0.0013958878340155734,1.0164274215698241,0.0467045784673281,14.38449888287663,l2,4,"{'logistic__C': 14.38449888287663, 'logistic__penalty': 'l2', 'preprocessor__num__pca__n_components': 4}",0.09244744479163633,0.07951175516062434,0.07493966528361401,0.07370589549759475,0.09324562864887384,0.08277007787646866,0.008455531028722355,51,0.11879273163628984,0.11557999523915975,0.11671394862847138,0.12654137696789797,0.13027701337757763,0.1215810131698793,0.0057913845665192604
47,0.02640848159790039,0.0014892413997576299,1.0250178813934325,0.023731052542662407,14.38449888287663,l2,5,"{'logistic__C': 14.38449888287663, 'logistic__penalty': 'l2', 'preprocessor__num__pca__n_components': 5}",0.09249481301791213,0.07779263100898293,0.08233452138040659,0.08197961710059341,0.10249192801236504,0.08741870210405203,0.00895614677554705,21,0.1183819188179856,0.11940037299784316,0.11841761059411511,0.12974749483606862,0.12216713282586099,0.12162290601437468,0.0042900511906456855
48,0.05981626510620117,0.029300561502223658,0.9917667865753174,0.032457681652623326,6.158482110660267,l1,2,"{'logistic__C': 6.158482110660267, 'logistic__penalty': 'l1', 'preprocessor__num__pca__n_components': 2}",0.0925426512599264,0.06468189027744498,0.07293244674741291,0.0756957270074928,0.10017953333487356,0.08120644972543013,0.013117740826726763,84,0.1083345113511077,0.11692518760054647,0.11254090239178141,0.12119532988078946,0.12470762367599342,0.11674071098004371,0.005859213999485658
49,0.05691266059875488,0.02258519917213197,0.9960037231445312,0.029446033041410698,6.158482110660267,l1,3,"{'logistic__C': 6.158482110660267, 'logistic__penalty': 'l1', 'preprocessor__num__pca__n_components': 3}",0.09259095771609568,0.0739468261946836,0.06925005239175137,0.07561280502541272,0.08975000983135721,0.08023013023186013,0.009217156554431467,103,0.10918967779484604,0.11854478246924156,0.11802079089460213,0.12572389245029286,0.13037648680828687,0.1203711260834539,0.00724767194814905
50,0.0858574390411377,0.04114642237094207,1.0225502967834472,0.03368677075937368,6.158482110660267,l1,4,"{'logistic__C': 6.158482110660267, 'logistic__penalty': 'l1', 'preprocessor__num__pca__n_components': 4}",0.09244744479163633,0.08305653081448684,0.07493966528361401,0.07726440626786509,0.09498592665496788,0.08453879476251402,0.007986819532164879,41,0.11628166806583967,0.1159856541612795,0.11754160206727107,0.12651957581935236,0.12907549846300007,0.12108079971534853,0.005568008375960082
51,0.09031186103820801,0.03629888071685793,1.001295804977417,0.010809355709747661,6.158482110660267,l1,5,"{'logistic__C': 6.158482110660267, 'logistic__penalty': 'l1', 'preprocessor__num__pca__n_components': 5}",0.09425854419240941,0.07963648652387767,0.08233452138040659,0.08017679326273976,0.10076390767854276,0.08743405060759524,0.008529171007420965,20,0.11670194213248501,0.1198164808278597,0.1196657749362987,0.12971694061875233,0.12215219024237786,0.12161066575155473,0.0044068630200816425
52,0.027542829513549805,0.0012903945123945337,1.0111262321472168,0.041693426381937335,6.158482110660267,l2,2,"{'logistic__C': 6.158482110660267, 'logistic__penalty': 'l2', 'preprocessor__num__pca__n_components': 2}",0.09259095771609568,0.06652668056872937,0.07299317582286964,0.07742718301192081,0.10025935614629888,0.08195947065318288,0.012546086324173648,66,0.1100234243264773,0.11693702478240986,0.11213615748928205,0.12164548021577608,0.12470762367599342,0.11708994209798776,0.005536804840996935
53,0.02759556770324707,0.001336685095117402,1.0210512638092042,0.025117696902240444,6.158482110660267,l2,3,"{'logistic__C': 6.158482110660267, 'logistic__penalty': 'l2', 'preprocessor__num__pca__n_components': 3}",0.09259095771609568,0.0739468261946836,0.06732957158949344,0.07915363024266783,0.08975000983135721,0.08055419911485956,0.009486371652162729,88,0.10961178163067437,0.11854478246924156,0.11802079089460213,0.1253206464934526,0.13075756947848882,0.12045111419329188,0.0071689199709491485
54,0.02804555892944336,0.0011318132657733074,1.0147626399993896,0.012659520242376479,6.158482110660267,l2,4,"{'logistic__C': 6.158482110660267, 'logistic__penalty': 'l2', 'preprocessor__num__pca__n_components': 4}",0.09244744479163633,0.07951175516062434,0.07493966528361401,0.07370589549759475,0.09324562864887384,0.08277007787646866,0.008455531028722355,51,0.11879273163628984,0.11557999523915975,0.11712775554059081,0.12694462027698145,0.13027701337757763,0.12174442321411989,0.005794366578445692
55,0.028627538681030275,0.001856731605396148,1.0321964263916015,0.03235749781983908,6.158482110660267,l2,5,"{'logistic__C': 6.158482110660267, 'logistic__penalty': 'l2', 'preprocessor__num__pca__n_components': 5}",0.09249481301791213,0.07779263100898293,0.08233452138040659,0.08197961710059341,0.10249192801236504,0.08741870210405203,0.00895614677554705,21,0.1179620922577143,0.11940037299784316,0.11841761059411511,0.13056483530913476,0.12215219024237786,0.12169942028023703,0.004665278089112433
56,0.040094184875488284,0.00747281199297505,1.0052152156829834,0.038148987689859706,2.636650898730358,l1,2,"{'logistic__C': 2.636650898730358, 'logistic__penalty': 'l1', 'preprocessor__num__pca__n_components': 2}",0.0925426512599264,0.06282626198389685,0.06912147389339852,0.0756957270074928,0.10190230514785212,0.08041768385851333,0.014614808559000922,102,0.10916878832634601,0.11852183734811655,0.11124309982659786,0.12035290649325306,0.12388618371216784,0.11663456314129628,0.005563803597898517
57,0.04817156791687012,0.015716122685608763,1.0151760578155518,0.013773587527199793,2.636650898730358,l1,3,"{'logistic__C': 2.636650898730358, 'logistic__penalty': 'l1', 'preprocessor__num__pca__n_components': 3}",0.09430459195919788,0.07574624800946592,0.0653274963357836,0.07561280502541272,0.08975000983135721,0.08014823023224346,0.010509028797566563,106,0.10749999261167875,0.11935473444398997,0.11632555386200666,0.12570184767838302,0.1279462225962486,0.11936567023846138,0.007263742231544545
58,0.05000424385070801,0.013293722549091957,1.0248661041259766,0.019572145180645897,2.636650898730358,l1,4,"{'logistic__C': 2.636650898730358, 'logistic__penalty': 'l1', 'preprocessor__num__pca__n_components': 4}",0.0942129781430758,0.08482410412384662,0.07493966528361401,0.07891388525668921,0.09672153582071462,0.08592243372558805,0.008441575860042851,36,0.11501075734006552,0.11680854310674499,0.11624217407956795,0.12691220400445954,0.128665411324952,0.12072781797115802,0.005820971013562186
59,0.05984659194946289,0.024375350548703063,0.9976121425628662,0.013054747529021256,2.636650898730358,l1,5,"{'logistic__C': 2.636650898730358, 'logistic__penalty': 'l1', 'preprocessor__num__pca__n_components': 5}",0.0960194881056953,0.07779263100898293,0.08048398863983387,0.07836603823732809,0.09903171628304108,0.08633877245497626,0.009227205390308833,34,0.11584271598288289,0.1210354882607352,0.11924443469674935,0.1301107526256978,0.12294502492294075,0.12183568329780121,0.004753481879007003
60,0.024607753753662108,0.0018934392191214794,0.9577731132507324,0.05653228274071166,2.636650898730358,l2,2,"{'logistic__C': 2.636650898730358, 'logistic__penalty': 'l2', 'preprocessor__num__pca__n_components': 2}",0.09259095771609568,0.06652668056872937,0.07299317582286964,0.07742718301192081,0.10025935614629888,0.08195947065318288,0.012546086324173648,66,0.1100234243264773,0.11734180617189689,0.11213615748928205,0.12081524220635739,0.12470762367599342,0.11700485077400143,0.005411281211145208
61,0.024602794647216798,0.001923668160529921,1.019556188583374,0.031500891212500756,2.636650898730358,l2,3,"{'logistic__C': 2.636650898730358, 'logistic__penalty': 'l2', 'preprocessor__num__pca__n_components': 3}",0.09259095771609568,0.0739468261946836,0.06732957158949344,0.07734563415406229,0.08975000983135721,0.08019259989713844,0.00956698240392867,104,0.10961178163067437,0.1181398452974136,0.11802079089460213,0.12572389245029286,0.13036217728655125,0.12037169751190684,0.007137778264808852
62,0.026738548278808595,0.0011556117549844484,1.0162158489227295,0.027329101362747365,2.636650898730358,l2,4,"{'logistic__C': 2.636650898730358, 'logistic__penalty': 'l2', 'preprocessor__num__pca__n_components': 4}",0.09244744479163633,0.08128922091812849,0.07493966528361401,0.07370589549759475,0.09490467835203968,0.08345738096860265,0.008765908193828123,46,0.11837296027893876,0.1159856541612795,0.11712775554059081,0.1265304593346695,0.12986710927333853,0.12157678771776341,0.0055603500969039306
63,0.029123926162719728,0.0022277218145982116,0.9885380744934082,0.03067722133742025,2.636650898730358,l2,5,"{'logistic__C': 2.636650898730358, 'logistic__penalty': 'l2', 'preprocessor__num__pca__n_components': 5}",0.09249481301791213,0.07779263100898293,0.08233452138040659,0.08197961710059341,0.10414474707538948,0.08774926591665691,0.00951919013629683,16,0.1179620922577143,0.11899570163582618,0.11841761059411511,0.13015110309760777,0.12175579134459502,0.12145645978597168,0.004542839667112643
64,0.03322196006774902,0.0037295642216015512,1.018429708480835,0.020857841786355764,1.1288378916846895,l1,2,"{'logistic__C': 1.1288378916846895, 'logistic__penalty': 'l1', 'preprocessor__num__pca__n_components': 2}",0.09249481301791213,0.06652668056872937,0.0653274963357836,0.0738736221770556,0.09341057557376319,0.07832663753464877,0.012298848607678133,112,0.10747862566929027,0.11891561511279884,0.11079160896086115,0.12029479374186677,0.12505891793924362,0.11650791228481214,0.006441449250851146
65,0.035750198364257815,0.007302051957797609,0.9583112716674804,0.03263288010151227,1.1288378916846895,l1,3,"{'logistic__C': 1.1288378916846895, 'logistic__penalty': 'l1', 'preprocessor__num__pca__n_components': 3}",0.0960194881056953,0.07561818103205428,0.06525974936741835,0.07726440626786509,0.08975000983135721,0.08078236692087805,0.010886551337610299,86,0.10791196686500706,0.11807091448563616,0.11668917005349508,0.12528739656365423,0.12630527234719932,0.11885294406299836,0.006662399659428049
66,0.043183422088623045,0.008299866200608913,1.0032188415527343,0.023063900711796596,1.1288378916846895,l1,4,"{'logistic__C': 1.1288378916846895, 'logistic__penalty': 'l1', 'preprocessor__num__pca__n_components': 4}",0.09777786431846205,0.08471125753722927,0.06937998220794515,0.08071721647624219,0.09498592665496788,0.08551444943896931,0.010237966783677634,40,0.11162077468101042,0.1180031324578138,0.11662460944403488,0.12444709799749144,0.12869404749044444,0.119877932414159,0.006014662055686283
67,0.04488506317138672,0.006035337475991142,1.0251295566558838,0.05039076603461867,1.1288378916846895,l1,5,"{'logistic__C': 1.1288378916846895, 'logistic__penalty': 'l1', 'preprocessor__num__pca__n_components': 5}",0.09597572213557871,0.08311526717710897,0.08037533103991983,0.07836603823732809,0.1006913846774652,0.08770474865348016,0.008933721873594605,18,0.11328869090357883,0.1181398452974136,0.12088102489094951,0.1301107526256978,0.12250414997086446,0.12098489273770083,0.005530389993020176
68,0.025226068496704102,0.0013033844012123631,1.0310526371002198,0.010686076838890387,1.1288378916846895,l2,2,"{'logistic__C': 1.1288378916846895, 'logistic__penalty': 'l2', 'preprocessor__num__pca__n_components': 2}",0.09259095771609568,0.06468189027744498,0.07299317582286964,0.0756957270074928,0.10190230514785212,0.08157281119435104,0.01362454658510322,80,0.1100234243264773,0.11774661291822953,0.11255005171106257,0.12080347155746421,0.12511821959780012,0.11724835602220676,0.005460687878097163
69,0.026707792282104494,0.0013803111442728853,1.0107924938201904,0.023611688665940173,1.1288378916846895,l2,3,"{'logistic__C': 1.1288378916846895, 'logistic__penalty': 'l2', 'preprocessor__num__pca__n_components': 3}",0.09259095771609568,0.0739468261946836,0.06918559366184023,0.07734563415406229,0.08975000983135721,0.0805638043116078,0.009084530665030677,87,0.11003376623078855,0.11815144513449553,0.11802079089460213,0.1265304593346695,0.13075756947848882,0.1206988062146089,0.007246941270558868
70,0.030535459518432617,0.004836544905427415,1.0194280624389649,0.027857529733274655,1.1288378916846895,l2,4,"{'logistic__C': 1.1288378916846895, 'logistic__penalty': 'l2', 'preprocessor__num__pca__n_components': 4}",0.09244744479163633,0.08128922091812849,0.07493966528361401,0.07718349952733997,0.09498592665496788,0.08416915143513733,0.008097030493131025,44,0.1179620922577143,0.1159856541612795,0.11754160206727107,0.12570184767838302,0.12945712338684695,0.12132966391029898,0.005280529897734472
71,0.027558040618896485,0.0007312653053767046,1.003135585784912,0.006726541418832566,1.1288378916846895,l2,5,"{'logistic__C': 1.1288378916846895, 'logistic__penalty': 'l2', 'preprocessor__num__pca__n_components': 5}",0.09249481301791213,0.07779263100898293,0.08233452138040659,0.08197961710059341,0.10414474707538948,0.08774926591665691,0.00951919013629683,16,0.1183819188179856,0.11899570163582618,0.11967367936504002,0.12973727476422975,0.12215219024237786,0.12178815296509189,0.004175937610006394
72,0.030374717712402344,0.004004826163253957,0.9874115467071534,0.036958633695302834,0.4832930238571757,l1,2,"{'logistic__C': 0.4832930238571757, 'logistic__penalty': 'l1', 'preprocessor__num__pca__n_components': 2}",0.0994540590929016,0.07362014661733754,0.07464599407268958,0.08095390984046301,0.10010012254827937,0.08575484643433422,0.011723155777091649,37,0.10733244866213504,0.1188149620495732,0.1153155585359748,0.1218560025253218,0.12417833392649281,0.11749946113989954,0.005889905100970536
73,0.03212471008300781,0.004004030554079574,1.0148581504821776,0.0203715952741008,0.4832930238571757,l1,3,"{'logistic__C': 0.4832930238571757, 'logistic__penalty': 'l1', 'preprocessor__num__pca__n_components': 3}",0.10647249586162813,0.08087694107283522,0.07458838757184513,0.06053375245805814,0.09158335498241046,0.08281098638935543,0.015520620448092194,50,0.10695013429395472,0.11917735030009423,0.12118182386943804,0.12316892225514015,0.12615987335271453,0.11932762081426833,0.0066045150354363535
74,0.03307461738586426,0.004471020978552341,1.0253215789794923,0.020220818305851127,0.4832930238571757,l1,4,"{'logistic__C': 0.4832930238571757, 'logistic__penalty': 'l1', 'preprocessor__num__pca__n_components': 4}",0.08677432785384333,0.0827688242213929,0.0803216119248702,0.06613038084198011,0.09656069912234595,0.0825111687928865,0.009886906362943823,59,0.11150538680188903,0.11625493562993029,0.11698549290495963,0.12479613412730133,0.1274059606687251,0.11938958202656107,0.005852509188883285
75,0.03775472640991211,0.0037895522948830024,1.0241755485534667,0.005900687387817347,0.4832930238571757,l1,5,"{'logistic__C': 0.4832930238571757, 'logistic__penalty': 'l1', 'preprocessor__num__pca__n_components': 5}",0.08677432785384333,0.08658731913250338,0.07470397832343253,0.07448474542503412,0.10579544267094967,0.08566916268115261,0.011423292037880685,38,0.11150538680188903,0.11473326464862842,0.11994971956856224,0.12798899711626952,0.12485533641991028,0.11980654091105189,0.006117364094893823
76,0.024451255798339844,0.0011028928253313656,1.03454270362854,0.028363407814622363,0.4832930238571757,l2,2,"{'logistic__C': 0.4832930238571757, 'logistic__penalty': 'l2', 'preprocessor__num__pca__n_components': 2}",0.09259095771609568,0.06282626198389685,0.07299317582286964,0.0738736221770556,0.10017953333487356,0.08049271020695828,0.013755706690723006,101,0.11044533535330722,0.11773493383953247,0.11212691336554945,0.12078002703325848,0.12388618371216784,0.11699467866076307,0.005078557248522238
77,0.026154565811157226,0.0006954560901805614,1.0047635078430175,0.03976081337933735,0.4832930238571757,l2,3,"{'logistic__C': 0.4832930238571757, 'logistic__penalty': 'l2', 'preprocessor__num__pca__n_components': 3}",0.09615373895984834,0.0739468261946836,0.07109524262344635,0.07553019512372455,0.08975000983135721,0.08129520254661202,0.009833951378722231,83,0.11003376623078855,0.11897265948194197,0.11676443083049194,0.12570184767838302,0.13116715743130472,0.12052797233058203,0.007303052102607656
78,0.02766861915588379,0.000775371773033108,0.9962832450866699,0.030405945372768105,0.4832930238571757,l2,4,"{'logistic__C': 0.4832930238571757, 'logistic__penalty': 'l2', 'preprocessor__num__pca__n_components': 4}",0.09067888272657314,0.08305653081448684,0.07493966528361401,0.07536591211065902,0.09498592665496788,0.08380538351806018,0.008032881849327355,45,0.11836403563710678,0.11639133966191892,0.11753349962763976,0.12567993840011374,0.12825524209969816,0.12124481108529547,0.004784252963263801
79,0.02671027183532715,0.0008405205084473803,1.0118045806884766,0.007104522416374225,0.4832930238571757,l2,5,"{'logistic__C': 0.4832930238571757, 'logistic__penalty': 'l2', 'preprocessor__num__pca__n_components': 5}",0.09425854419240941,0.08141050572676606,0.08048398863983387,0.08197961710059341,0.10407398501488255,0.08844132813489707,0.009302960699179031,13,0.1175421540678563,0.11941186304350833,0.11967367936504002,0.13012078698880508,0.12091781268085856,0.12153325922921365,0.004427452697265416
80,0.028942632675170898,0.0004953233606777591,1.0552814960479737,0.030454710477889405,0.20691380811147903,l1,2,"{'logistic__C': 0.20691380811147903, 'logistic__penalty': 'l1', 'preprocessor__num__pca__n_components': 2}",0.0973082251005619,0.07147694428616537,0.08172555004372932,0.062352366439209536,0.08666147810322282,0.0799049127945778,0.012091019069695858,108,0.10455213710522007,0.12060449062862232,0.11000760779829677,0.12294269690279466,0.12046113929789692,0.11571361434656616,0.007153410144995667
81,0.03194460868835449,0.0023521093327316537,1.002263069152832,0.03285928564226601,0.20691380811147903,l1,3,"{'logistic__C': 0.20691380811147903, 'logistic__penalty': 'l1', 'preprocessor__num__pca__n_components': 3}",0.09901960827669685,0.07885278871328946,0.07792748765793166,0.06926655218886013,0.07768895623156136,0.08055107861366789,0.009862923371549318,100,0.10623557656127232,0.11521041664577454,0.11044233924887364,0.12704985586008563,0.120695835304129,0.11592680472402703,0.0073617714713064015
82,0.031223297119140625,0.001442610177994188,1.0053160667419434,0.006119199434300447,0.20691380811147903,l1,4,"{'logistic__C': 0.20691380811147903, 'logistic__penalty': 'l1', 'preprocessor__num__pca__n_components': 4}",0.09370448808900118,0.07885278871328946,0.07619910545217025,0.06926655218886013,0.07939220523203963,0.07948302793507214,0.00797265203927147,110,0.10836149830029286,0.11853896031734745,0.11381582987986781,0.12622878222605619,0.11954274051941968,0.1172975622485968,0.005972006096686025
83,0.0321098804473877,0.003610433108986793,0.992307186126709,0.046764431874462546,0.20691380811147903,l1,5,"{'logistic__C': 0.20691380811147903, 'logistic__penalty': 'l1', 'preprocessor__num__pca__n_components': 5}",0.09370448808900118,0.0914679228941784,0.0763623585536304,0.05989119887159463,0.1006913846774652,0.08442347061717395,0.014609726251838767,42,0.10836149830029286,0.11441548659371849,0.11468122364075531,0.13064801654830788,0.12251503139472902,0.1181242512955607,0.0077077151877474916
84,0.023491573333740235,0.002328169124376597,1.0223403930664063,0.026754755482588686,0.20691380811147903,l2,2,"{'logistic__C': 0.20691380811147903, 'logistic__penalty': 'l2', 'preprocessor__num__pca__n_components': 2}",0.0925426512599264,0.06282626198389685,0.07293244674741291,0.07204213475974813,0.09506756501465684,0.07908221195312823,0.01255669659751362,111,0.11001311341122953,0.11935473444398997,0.11337784423855653,0.12074510248087919,0.12504417125840644,0.11770699316661233,0.005361280779904904
85,0.024681854248046874,0.0009742111577693387,1.0160885334014893,0.009594422734198067,0.20691380811147903,l2,3,"{'logistic__C': 0.20691380811147903, 'logistic__penalty': 'l2', 'preprocessor__num__pca__n_components': 3}",0.0961084984614786,0.07574624800946592,0.06918559366184023,0.07726440626786509,0.08958384357882342,0.08157771799589465,0.009812411258860516,79,0.10918967779484604,0.1201697907790892,0.11674746668355324,0.1256690346260151,0.13070091630250757,0.12049537723720223,0.007387711937143257
86,0.026264047622680663,0.0016917290806528634,1.0412755966186524,0.03539603053448087,0.20691380811147903,l2,4,"{'logistic__C': 0.20691380811147903, 'logistic__penalty': 'l2', 'preprocessor__num__pca__n_components': 4}",0.08885649614868642,0.08128922091812849,0.06560162830532722,0.07710291412049763,0.09490467835203968,0.08155098756893589,0.010059099892548993,81,0.1166927569820524,0.11719141185952331,0.1171032643975277,0.1268907646540739,0.1290612606397222,0.1213878917065799,0.005425402580934737
87,0.029842233657836913,0.0023826774098159643,1.012387466430664,0.023548836813312334,0.20691380811147903,l2,5,"{'logistic__C': 0.20691380811147903, 'logistic__penalty': 'l2', 'preprocessor__num__pca__n_components': 5}",0.09249481301791213,0.08134967093452748,0.07862472050828008,0.0801009500409966,0.10393377592123575,0.08730078608459041,0.009655690458567907,32,0.11627242586343725,0.12061954111562614,0.11965790577922665,0.12931312131577413,0.12329739436904236,0.1218320776886213,0.004363946919361145
88,0.029302597045898438,0.0005124517936413693,1.0425695419311523,0.033732585782251266,0.08858667904100832,l1,2,"{'logistic__C': 0.08858667904100832, 'logistic__penalty': 'l1', 'preprocessor__num__pca__n_components': 2}",0.0785694222132968,0.09963550855714838,0.0455453901573578,0.08277017126136786,0.07326512889585797,0.07595712421700576,0.01758424296427607,114,0.0964988987021813,0.11588645317749423,0.10374033190153782,0.12908078768002404,0.12875324663556809,0.1147919436193611,0.013092445238202252
89,0.029143095016479492,0.0025182309548532093,1.030667495727539,0.048607295913778756,0.08858667904100832,l1,3,"{'logistic__C': 0.08858667904100832, 'logistic__penalty': 'l1', 'preprocessor__num__pca__n_components': 3}",0.07852033099284876,0.09784774035497554,0.04973266697182117,0.08423912415219452,0.06775642223498571,0.07561925694136513,0.0161787732917228,115,0.09821199003852438,0.1146279980898497,0.10716583125845529,0.12283173024775702,0.12824295059223878,0.11421610004536502,0.010742337800744144
90,0.03151936531066894,0.0015975220935851423,1.0144553661346436,0.004289550760959147,0.08858667904100832,l1,4,"{'logistic__C': 0.08858667904100832, 'logistic__penalty': 'l1', 'preprocessor__num__pca__n_components': 4}",0.07475531631687822,0.09963550855714838,0.04322559294154057,0.08423912415219452,0.06775642223498571,0.0739223928405495,0.01870083283641545,117,0.10331351405031523,0.11464550431703734,0.10501897252432792,0.1224127391715608,0.12824295059223878,0.114726736131096,0.009656827711162368
91,0.03299450874328613,0.003335193498691884,1.0182178974151612,0.01957121855024383,0.08858667904100832,l1,5,"{'logistic__C': 0.08858667904100832, 'logistic__penalty': 'l1', 'preprocessor__num__pca__n_components': 5}",0.07475531631687822,0.10137173697827541,0.04545935570697839,0.08597615431160081,0.09198120975243249,0.07990875461323306,0.019269333851830227,107,0.10331351405031523,0.12087358603036223,0.1058810183459365,0.12321736778917737,0.12977277805658405,0.11661165285447508,0.010266467487801297
92,0.025677251815795898,0.0012302728711366343,1.0245673656463623,0.02343648108136631,0.08858667904100832,l2,2,"{'logistic__C': 0.08858667904100832, 'logistic__penalty': 'l2', 'preprocessor__num__pca__n_components': 2}",0.09249481301791213,0.05899669632023165,0.07856868385543131,0.08251286809320116,0.09986436335785116,0.08248748492892546,0.013923198734710866,60,0.10911710301220864,0.11603245000831422,0.11334222363201897,0.1218560025253218,0.12777365272798535,0.1176242863811698,0.006544604374067072
93,0.027850246429443358,0.0019975373238172523,1.017988109588623,0.009630522983790303,0.08858667904100832,l2,3,"{'logistic__C': 0.08858667904100832, 'logistic__penalty': 'l2', 'preprocessor__num__pca__n_components': 3}",0.09782033648739753,0.07374977550177528,0.06337692747654972,0.06442753093902585,0.08614781381946979,0.07710447684484364,0.01320101037516292,113,0.10788023273672409,0.11890430258151942,0.11461929520119164,0.12438117422291851,0.12894853681984644,0.11894670831244,0.007358874606528598
94,0.026628732681274414,0.0012649853169468173,0.9784081459045411,0.036295678311936745,0.08858667904100832,l2,4,"{'logistic__C': 0.08858667904100832, 'logistic__penalty': 'l2', 'preprocessor__num__pca__n_components': 4}",0.09058191744313118,0.08471125753722927,0.06567094235194787,0.07337408258360012,0.09283995802861685,0.08143563158890506,0.010372626773646376,82,0.11665635022081372,0.11885937431054348,0.11581131687651229,0.12723140707220212,0.13259731446336723,0.12223115258868777,0.00657451835013192
95,0.0294344425201416,0.0017870797451083496,1.030320405960083,0.01626874804390962,0.08858667904100832,l2,5,"{'logistic__C': 0.08858667904100832, 'logistic__penalty': 'l2', 'preprocessor__num__pca__n_components': 5}",0.09058191744313118,0.08658731913250338,0.07681489185147378,0.07456328107038786,0.10558776621364076,0.08682703514222738,0.011106433382522013,33,0.11541281148322431,0.12099099414216852,0.12045211164023951,0.13128387715117068,0.12519539571383784,0.12266703802612818,0.005310015703093526
96,0.027112197875976563,0.0017358393681073845,1.0346950054168702,0.0220735006217637,0.037926901907322536,l1,2,"{'logistic__C': 0.037926901907322536, 'logistic__penalty': 'l1', 'preprocessor__num__pca__n_components': 2}",0.09430262280126664,0.09523917261493414,0.08573106861714039,0.07200508064094023,0.08089479559267712,0.0856345480533917,0.00866742504274579,39,0.10498654172200898,0.0947005705082752,0.11095169288054611,0.12364084157836089,0.12502206050014392,0.11186034143786702,0.011441534296806484
97,0.02748451232910156,0.0006476849929635949,1.0308150768280029,0.021214583447915297,0.037926901907322536,l1,3,"{'logistic__C': 0.037926901907322536, 'logistic__penalty': 'l1', 'preprocessor__num__pca__n_components': 3}",0.09623628213413117,0.09523917261493414,0.08573106861714039,0.06991304312843528,0.08270147635085762,0.08596420856909971,0.009590413350275098,35,0.10498654172200898,0.0947005705082752,0.11095169288054611,0.11841361503740026,0.12585707572273724,0.11098189917419357,0.010747354693589286
98,0.02748565673828125,0.0016530032785959067,1.0244636058807373,0.02760502864986386,0.037926901907322536,l1,4,"{'logistic__C': 0.037926901907322536, 'logistic__penalty': 'l1', 'preprocessor__num__pca__n_components': 4}",0.08453990758556444,0.09523917261493414,0.08573106861714039,0.06991304312843528,0.08089479559267712,0.08326359750775028,0.008185112155445491,47,0.10456197892957617,0.0947005705082752,0.11095169288054611,0.11841361503740026,0.12627764284150936,0.11098110003946142,0.010913185816338574
99,0.02928190231323242,0.0014359033804843943,1.0333005428314208,0.034060515157665394,0.037926901907322536,l1,5,"{'logistic__C': 0.037926901907322536, 'logistic__penalty': 'l1', 'preprocessor__num__pca__n_components': 5}",0.08257452694067435,0.09523917261493414,0.08573106861714039,0.06991304312843528,0.08270147635085762,0.08323185753040835,0.008105872887840664,48,0.10412358258626754,0.0947005705082752,0.11095169288054611,0.11841361503740026,0.12585707572273724,0.11080930734704526,0.010848699648306634
100,0.026367855072021485,0.0010671322676223843,1.0074634552001953,0.03194692057136105,0.037926901907322536,l2,2,"{'logistic__C': 0.037926901907322536, 'logistic__penalty': 'l2', 'preprocessor__num__pca__n_components': 2}",0.08890703151947424,0.07542877034912378,0.07845779694292519,0.07312841280648986,0.09790114280074558,0.08276463088375173,0.009295842573892231,58,0.10904604062861513,0.11922091802392411,0.11706313755205236,0.12461673551251796,0.11984224110778341,0.11795781456497859,0.005093287417358495
101,0.025741767883300782,0.0014607246747324052,1.0150644302368164,0.011110842279857114,0.037926901907322536,l2,3,"{'logistic__C': 0.037926901907322536, 'logistic__penalty': 'l2', 'preprocessor__num__pca__n_components': 3}",0.0924005484132617,0.08803360820457914,0.07103284493072119,0.059982294223936514,0.09252231433484083,0.08079432202146788,0.013062040386091928,85,0.10946898553826905,0.11380373414607668,0.12042247217552886,0.127040101599827,0.1286626470491553,0.11987958810177138,0.0074027893144777476
102,0.026244592666625977,0.0017644664284005062,1.0154633045196533,0.012372620965425069,0.037926901907322536,l2,4,"{'logistic__C': 0.037926901907322536, 'logistic__penalty': 'l2', 'preprocessor__num__pca__n_components': 4}",0.09593245161606802,0.0879327923220857,0.06365861283737095,0.06918335137580219,0.08193103691370486,0.07972764901300634,0.011867359088217537,109,0.11157213760090444,0.11827792007638822,0.11826186760531013,0.1282859263720963,0.13072986555799512,0.12142554344253884,0.007080130624592872
103,0.027374458312988282,0.0025392765384576973,1.0225924491882323,0.041427858208408164,0.037926901907322536,l2,5,"{'logistic__C': 0.037926901907322536, 'logistic__penalty': 'l2', 'preprocessor__num__pca__n_components': 5}",0.09949370781884055,0.09539599160670326,0.0731775265824414,0.06714724077129725,0.11212099696766772,0.08946709274939002,0.016807200754280605,10,0.11448794615784674,0.11837581913184735,0.12040786808127506,0.12782298294488323,0.12815926472077763,0.12185077620732601,0.005363447725383977
104,0.03343491554260254,0.018203150024040802,1.0368288993835448,0.045022868724829045,0.01623776739188724,l1,2,"{'logistic__C': 0.01623776739188724, 'logistic__penalty': 'l1', 'preprocessor__num__pca__n_components': 2}",0.0,0.04804855915024562,0.07825967987243489,0.051278246868840076,0.04322559294154057,0.044162415766612236,0.02521728449109661,133,0.05976103108071228,0.0477605756218989,0.044629468461744294,0.06398990435802976,0.07744714855131364,0.058717625614739775,0.011817053474179823
105,0.02719459533691406,0.002233562321141404,0.9734188079833984,0.01863253856903911,0.01623776739188724,l1,3,"{'logistic__C': 0.01623776739188724, 'logistic__penalty': 'l1', 'preprocessor__num__pca__n_components': 3}",0.0,0.04804855915024562,0.07825967987243489,0.051278246868840076,0.04322559294154057,0.044162415766612236,0.02521728449109661,133,0.05976103108071228,0.0477605756218989,0.04412312097262077,0.06398990435802976,0.07744714855131364,0.05861635611691507,0.011938893418433003
106,0.025006580352783202,0.0007377783229722218,0.9460011959075928,0.028432654384438524,0.01623776739188724,l1,4,"{'logistic__C': 0.01623776739188724, 'logistic__penalty': 'l1', 'preprocessor__num__pca__n_components': 4}",0.0,0.04804855915024562,0.07825967987243489,0.051278246868840076,0.04322559294154057,0.044162415766612236,0.02521728449109661,133,0.05976103108071228,0.0477605756218989,0.04412312097262077,0.06398990435802976,0.07791772980934726,0.058710472368521796,0.012087893725930443
107,0.025270938873291016,0.001123784833233548,0.9666441440582275,0.008053648391149422,0.01623776739188724,l1,5,"{'logistic__C': 0.01623776739188724, 'logistic__penalty': 'l1', 'preprocessor__num__pca__n_components': 5}",0.0,0.04804855915024562,0.07825967987243489,0.051278246868840076,0.04322559294154057,0.044162415766612236,0.02521728449109661,133,0.05976103108071228,0.0477605756218989,0.04412312097262077,0.06398990435802976,0.07791772980934726,0.058710472368521796,0.012087893725930443
108,0.024537992477416993,0.0013208915462410685,0.9712489128112793,0.014256681149355818,0.01623776739188724,l2,2,"{'logistic__C': 0.01623776739188724, 'logistic__penalty': 'l2', 'preprocessor__num__pca__n_components': 2}",0.09403556983482758,0.1020401652866518,0.08377081805495555,0.07071505705515045,0.09221080654597698,0.08855448335551247,0.010643337914850939,11,0.10843658972707972,0.12184812609496341,0.11985985897699922,0.12874080448916642,0.13070286551448224,0.12191764896053821,0.007870371939987962
109,0.028563547134399413,0.004701660067044211,0.9725456714630127,0.012216258596378142,0.01623776739188724,l2,3,"{'logistic__C': 0.01623776739188724, 'logistic__penalty': 'l2', 'preprocessor__num__pca__n_components': 3}",0.10099576852918805,0.10556427522934467,0.08005917529043347,0.0774650717129493,0.08846188030739138,0.09050923421386137,0.011137030365371753,9,0.10759732137426925,0.11973378233810365,0.12573264463483294,0.13115955464199322,0.13503642358170262,0.12385194531418035,0.00962499666352959
110,0.025409364700317384,0.0006920568600591175,0.9895498752593994,0.032263129403838936,0.01623776739188724,l2,4,"{'logistic__C': 0.01623776739188724, 'logistic__penalty': 'l2', 'preprocessor__num__pca__n_components': 4}",0.09564360494631503,0.09318613374249521,0.08197185974744649,0.08297844634777322,0.08846188030739138,0.08844838501828427,0.005405242705971195,12,0.11474371398649677,0.11352246204954071,0.12233555946965304,0.1336945418035283,0.13632455748708977,0.12412416695926172,0.00942369105404277
111,0.027254199981689452,0.002804508244479642,0.9978363037109375,0.04320305813284415,0.01623776739188724,l2,5,"{'logistic__C': 0.01623776739188724, 'logistic__penalty': 'l2', 'preprocessor__num__pca__n_components': 5}",0.09741860680568595,0.0790279196419737,0.08928684203993816,0.07364173843634857,0.09831836014724075,0.08753869341423744,0.009822714034062114,19,0.11516617300800017,0.11893699831645728,0.12231219639613927,0.13324315647837515,0.1296805110162224,0.12386780704303886,0.006695310875189419
112,0.02555394172668457,0.002713003607935592,0.9812486171722412,0.028184875418140683,0.0069519279617756054,l1,2,"{'logistic__C': 0.0069519279617756054, 'logistic__penalty': 'l1', 'preprocessor__num__pca__n_components': 2}",0.0,0.03872139376570634,0.043394153254807,0.0,0.04899842477060703,0.026222794358224073,0.02165673004907645,141,0.03977770389738709,0.023215085501636215,0.026985192628030244,0.049604059769019423,0.041378023633811364,0.036192013085976873,0.009724207656148454
113,0.02532782554626465,0.0023690594414993394,0.9638631343841553,0.0067532667702760365,0.0069519279617756054,l1,3,"{'logistic__C': 0.0069519279617756054, 'logistic__penalty': 'l1', 'preprocessor__num__pca__n_components': 3}",0.0,0.03872139376570634,0.043394153254807,0.0,0.04899842477060703,0.026222794358224073,0.02165673004907645,141,0.03977770389738709,0.023215085501636215,0.026985192628030244,0.049604059769019423,0.041378023633811364,0.036192013085976873,0.009724207656148454
114,0.02815103530883789,0.0018226831389264349,0.9770779132843017,0.010580850876890448,0.0069519279617756054,l1,4,"{'logistic__C': 0.0069519279617756054, 'logistic__penalty': 'l1', 'preprocessor__num__pca__n_components': 4}",0.0,0.03872139376570634,0.043394153254807,0.0,0.04899842477060703,0.026222794358224073,0.02165673004907645,141,0.03977770389738709,0.023215085501636215,0.026985192628030244,0.049604059769019423,0.041378023633811364,0.036192013085976873,0.009724207656148454
115,0.024811697006225587,0.0013032147650088514,0.9786900043487549,0.011508388911807593,0.0069519279617756054,l1,5,"{'logistic__C': 0.0069519279617756054, 'logistic__penalty': 'l1', 'preprocessor__num__pca__n_components': 5}",0.0,0.03872139376570634,0.043394153254807,0.0,0.04899842477060703,0.026222794358224073,0.02165673004907645,141,0.03977770389738709,0.023215085501636215,0.026985192628030244,0.049604059769019423,0.041378023633811364,0.036192013085976873,0.009724207656148454
116,0.02479395866394043,0.0013833476897834771,0.9767859935760498,0.047386825678395826,0.0069519279617756054,l2,2,"{'logistic__C': 0.0069519279617756054, 'logistic__penalty': 'l2', 'preprocessor__num__pca__n_components': 2}",0.12735091731024034,0.10327756314456944,0.09602666671169127,0.06961617693831394,0.08235877101195258,0.09572601902335351,0.019583960643379146,6,0.1108636456675759,0.1241476735790993,0.12036413357318451,0.1260770454950078,0.13473744404576765,0.12323798847212704,0.007778285827711303
117,0.024371957778930663,0.0019219480424061944,0.968736219406128,0.004084901447455409,0.0069519279617756054,l2,3,"{'logistic__C': 0.0069519279617756054, 'logistic__penalty': 'l2', 'preprocessor__num__pca__n_components': 3}",0.12380795130097198,0.11039049569595517,0.09593688804511541,0.06886743874237296,0.0869849512957394,0.09719754501603098,0.01892431725723998,3,0.11133251132336229,0.12248835439909235,0.12289761011175451,0.12858523519370924,0.1301040877430233,0.12308155975418833,0.006603517423187704
118,0.02596120834350586,8.396375289971727e-05,0.9663507461547851,0.003634607786720053,0.0069519279617756054,l2,4,"{'logistic__C': 0.0069519279617756054, 'logistic__penalty': 'l2', 'preprocessor__num__pca__n_components': 4}",0.10945445632794569,0.10500861502488854,0.09958203815206869,0.06879424643725328,0.08883460717425418,0.09433479262328207,0.014509581939510853,8,0.11042190473960559,0.12453148504823736,0.12800621754800476,0.13026997014933211,0.13426698907865592,0.12549931331276715,0.008175338704473815
119,0.030738162994384765,0.005616107445120786,0.978303337097168,0.029796336150573158,0.0069519279617756054,l2,5,"{'logistic__C': 0.0069519279617756054, 'logistic__penalty': 'l2', 'preprocessor__num__pca__n_components': 5}",0.11126301450728411,0.09958203815206869,0.09596626468952676,0.0868681988458634,0.09407126488098638,0.09755015621514587,0.00801107529941947,2,0.11169310701381104,0.11910711478181715,0.12419779587681756,0.12940591156231185,0.12301665835569606,0.12148411751809074,0.0058988402459428406
120,0.025806093215942384,0.004161629539002948,0.9748753547668457,0.02618435277708903,0.002976351441631319,l1,2,"{'logistic__C': 0.002976351441631319, 'logistic__penalty': 'l1', 'preprocessor__num__pca__n_components': 2}",0.0,0.04342311507008466,0.04791195557212845,0.0,0.06432359357116078,0.031131732842674776,0.026354214653845874,137,0.04154984458239708,0.03138246892183159,0.027622640703120226,0.05302561560562009,0.028947739355000824,0.03650566183359396,0.009598229153767915
121,0.022896862030029295,0.0019748732876445152,0.9724985122680664,0.010065236340906832,0.002976351441631319,l1,3,"{'logistic__C': 0.002976351441631319, 'logistic__penalty': 'l1', 'preprocessor__num__pca__n_components': 3}",0.0,0.04342311507008466,0.04791195557212845,0.0,0.06432359357116078,0.031131732842674776,0.026354214653845874,137,0.04154984458239708,0.03138246892183159,0.027622640703120226,0.05302561560562009,0.028947739355000824,0.03650566183359396,0.009598229153767915
122,0.023736047744750976,0.0006222680044195117,0.9795706748962403,0.02755065884467464,0.002976351441631319,l1,4,"{'logistic__C': 0.002976351441631319, 'logistic__penalty': 'l1', 'preprocessor__num__pca__n_components': 4}",0.0,0.04342311507008466,0.04791195557212845,0.0,0.06432359357116078,0.031131732842674776,0.026354214653845874,137,0.04154984458239708,0.03138246892183159,0.027622640703120226,0.05302561560562009,0.028947739355000824,0.03650566183359396,0.009598229153767915
123,0.024000263214111327,0.0007000735790549951,0.9718668937683106,0.015636653692110307,0.002976351441631319,l1,5,"{'logistic__C': 0.002976351441631319, 'logistic__penalty': 'l1', 'preprocessor__num__pca__n_components': 5}",0.0,0.04342311507008466,0.04791195557212845,0.0,0.06432359357116078,0.031131732842674776,0.026354214653845874,137,0.04154984458239708,0.03138246892183159,0.027622640703120226,0.05302561560562009,0.028947739355000824,0.03650566183359396,0.009598229153767915
124,0.02542405128479004,0.0013194037069602647,0.9743283748626709,0.04817363065512191,0.002976351441631319,l2,2,"{'logistic__C': 0.002976351441631319, 'logistic__penalty': 'l2', 'preprocessor__num__pca__n_components': 2}",0.10950673255504807,0.09714207804012444,0.12505944346618475,0.06560162830532722,0.07995482419853386,0.09545294131304367,0.02101523125392763,7,0.11729001582120649,0.12579187555374818,0.1083141978280458,0.12276929376344409,0.13101093939313538,0.121035264471916,0.007758849408449166
125,0.025460147857666017,0.0006405106425922843,0.9669019699096679,0.008389666761213378,0.002976351441631319,l2,3,"{'logistic__C': 0.002976351441631319, 'logistic__penalty': 'l2', 'preprocessor__num__pca__n_components': 3}",0.1380760059398018,0.0914265056506391,0.11590731559202427,0.06330726159462727,0.083174399081531,0.0983782975717247,0.02604856244461077,1,0.11423823908309458,0.12103779973036848,0.11886535343040003,0.12016108399810674,0.1279929534507844,0.12045908593855086,0.0044367058367174505
126,0.024550247192382812,0.001546933950520904,0.9625680923461915,0.02981149891771777,0.002976351441631319,l2,4,"{'logistic__C': 0.002976351441631319, 'logistic__penalty': 'l2', 'preprocessor__num__pca__n_components': 4}",0.1285654451994952,0.10280790145123703,0.10467578837225841,0.07293244674741291,0.07594101795852753,0.0969845199457862,0.02055117234161641,4,0.12813836324687408,0.12104934913353031,0.11886072876266333,0.1175385832546266,0.128425293149095,0.12280246350935786,0.004613180190075261
127,0.026397705078125,0.0022498725982929425,0.965011739730835,0.023265403783896,0.002976351441631319,l2,5,"{'logistic__C': 0.002976351441631319, 'logistic__penalty': 'l2', 'preprocessor__num__pca__n_components': 5}",0.1285654451994952,0.0990372008599968,0.0914592174531344,0.06539555872859373,0.0975670321416937,0.09640489087658277,0.02014258795885755,5,0.1285716090881142,0.11324358323072889,0.11578720507257781,0.1279844656906446,0.1335247595898231,0.12382232453437772,0.007880219300465025
128,0.024745082855224608,0.0016546435217679586,0.012825918197631837,0.000582115771999873,0.0012742749857031347,l1,2,"{'logistic__C': 0.0012742749857031347, 'logistic__penalty': 'l1', 'preprocessor__num__pca__n_components': 2}",0.0,0.0,0.0,0.0,0.0,0.0,0.0,145,0.0,0.0,0.0,0.0,0.0,0.0,0.0
129,0.024770164489746095,0.0013835974935165441,0.012443351745605468,0.0007907516322872867,0.0012742749857031347,l1,3,"{'logistic__C': 0.0012742749857031347, 'logistic__penalty': 'l1', 'preprocessor__num__pca__n_components': 3}",0.0,0.0,0.0,0.0,0.0,0.0,0.0,145,0.0,0.0,0.0,0.0,0.0,0.0,0.0
130,0.024028539657592773,0.0011404871690783036,0.01220874786376953,0.0005527350923680247,0.0012742749857031347,l1,4,"{'logistic__C': 0.0012742749857031347, 'logistic__penalty': 'l1', 'preprocessor__num__pca__n_components': 4}",0.0,0.0,0.0,0.0,0.0,0.0,0.0,145,0.0,0.0,0.0,0.0,0.0,0.0,0.0
131,0.02416858673095703,0.00022448309386669562,0.01232895851135254,0.00032018216586156354,0.0012742749857031347,l1,5,"{'logistic__C': 0.0012742749857031347, 'logistic__penalty': 'l1', 'preprocessor__num__pca__n_components': 5}",0.0,0.0,0.0,0.0,0.0,0.0,0.0,145,0.0,0.0,0.0,0.0,0.0,0.0,0.0
132,0.02889981269836426,0.008426254867855216,0.9695991516113281,0.008247011567429326,0.0012742749857031347,l2,2,"{'logistic__C': 0.0012742749857031347, 'logistic__penalty': 'l2', 'preprocessor__num__pca__n_components': 2}",0.05692723054112691,0.10438993304373245,0.0856754503622737,0.06485995160654627,0.05351371506842147,0.07307325612442016,0.019236827765711072,118,0.09674921961448227,0.08339568390249981,0.10254084814498685,0.10845154091869381,0.11094135103785378,0.1004157287237033,0.00982857415957975
133,0.024207592010498047,0.00085017766670052,0.9624208450317383,0.006441352651469851,0.0012742749857031347,l2,3,"{'logistic__C': 0.0012742749857031347, 'logistic__penalty': 'l2', 'preprocessor__num__pca__n_components': 3}",0.05409709434965653,0.10261679764716389,0.08369358329389837,0.05462763354962079,0.05891590282707545,0.070790202333483,0.019288944409122353,120,0.09948418456999529,0.07792300524804337,0.09884963720522143,0.1071234402981506,0.10871791885444536,0.09841963723517122,0.01098399632089419
134,0.025573015213012695,0.0008787828488569347,0.9343989849090576,0.039899059898836554,0.0012742749857031347,l2,4,"{'logistic__C': 0.0012742749857031347, 'logistic__penalty': 'l2', 'preprocessor__num__pca__n_components': 4}",0.07628601247289675,0.10657639901984729,0.07951376566419967,0.06447179193298422,0.04440558567617999,0.07425071095322158,0.02031330138679676,116,0.10265021091215396,0.07978817596007975,0.10115759902946204,0.10114419547518154,0.11362272506849529,0.09967258128907452,0.010983927266042184
135,0.025025653839111327,0.0005374931079215816,0.956781005859375,0.028801068779301334,0.0012742749857031347,l2,5,"{'logistic__C': 0.0012742749857031347, 'logistic__penalty': 'l2', 'preprocessor__num__pca__n_components': 5}",0.0741509006874407,0.0900701949373573,0.07742956930028809,0.052320613559239365,0.06289568901553709,0.07137339349997252,0.012875108483311345,119,0.10084777661814376,0.08069280968803107,0.10533500114234928,0.10294936056837868,0.11628677881019447,0.10122234536541945,0.011562316471524389
136,0.025014686584472656,0.0023671845925013466,0.011705398559570312,0.0006730842533580181,0.0005455594781168526,l1,2,"{'logistic__C': 0.0005455594781168526, 'logistic__penalty': 'l1', 'preprocessor__num__pca__n_components': 2}",0.0,0.0,0.0,0.0,0.0,0.0,0.0,145,0.0,0.0,0.0,0.0,0.0,0.0,0.0
137,0.0216583251953125,0.002117873199563161,0.01225743293762207,0.0005333320465761608,0.0005455594781168526,l1,3,"{'logistic__C': 0.0005455594781168526, 'logistic__penalty': 'l1', 'preprocessor__num__pca__n_components': 3}",0.0,0.0,0.0,0.0,0.0,0.0,0.0,145,0.0,0.0,0.0,0.0,0.0,0.0,0.0
138,0.02206845283508301,0.0006357952088908567,0.011945438385009766,0.0005671202236551515,0.0005455594781168526,l1,4,"{'logistic__C': 0.0005455594781168526, 'logistic__penalty': 'l1', 'preprocessor__num__pca__n_components': 4}",0.0,0.0,0.0,0.0,0.0,0.0,0.0,145,0.0,0.0,0.0,0.0,0.0,0.0,0.0
139,0.02195134162902832,0.0013698385853299186,0.012244892120361329,0.0005138340089830166,0.0005455594781168526,l1,5,"{'logistic__C': 0.0005455594781168526, 'logistic__penalty': 'l1', 'preprocessor__num__pca__n_components': 5}",0.0,0.0,0.0,0.0,0.0,0.0,0.0,145,0.0,0.0,0.0,0.0,0.0,0.0,0.0
140,0.020288753509521484,0.000480594716763004,0.9615346431732178,0.00940058938414611,0.0005455594781168526,l2,2,"{'logistic__C': 0.0005455594781168526, 'logistic__penalty': 'l2', 'preprocessor__num__pca__n_components': 2}",0.0499935432986478,0.09472482949236974,0.10238496852542267,0.05627627979924913,0.03577757425938956,0.06783143907501578,0.026062859884731397,121,0.07278303113771094,0.0724558165283556,0.08014679939344367,0.07707372997184553,0.09613671179073792,0.07971921776441873,0.00869003134920609
141,0.026029348373413086,0.005616359083399168,0.9592794418334961,0.02771855136709478,0.0005455594781168526,l2,3,"{'logistic__C': 0.0005455594781168526, 'logistic__penalty': 'l2', 'preprocessor__num__pca__n_components': 3}",0.024860291836097892,0.08648837465512141,0.09646697877088392,0.041393119571940314,0.007703509074469699,0.05138245478170265,0.03457196018981733,126,0.07835169310354345,0.0673496613594761,0.07400432680284584,0.07657919965751009,0.09928517400065777,0.07911401098480667,0.01075538013252456
142,0.024907398223876952,0.00043250385148454465,0.9567984104156494,0.019999794421413114,0.0005455594781168526,l2,4,"{'logistic__C': 0.0005455594781168526, 'logistic__penalty': 'l2', 'preprocessor__num__pca__n_components': 4}",0.03436851580956729,0.08420205527574884,0.0983020431520297,0.04580271949876359,0.007703509074469699,0.05407576856211582,0.03307797489902166,125,0.0771389486922906,0.06654242301981782,0.07876063069428599,0.0709705780753625,0.10153678630465612,0.07898987335728261,0.012092062474968706
143,0.026798295974731445,0.0013069892214911457,0.974098014831543,0.016829477839811702,0.0005455594781168526,l2,5,"{'logistic__C': 0.0005455594781168526, 'logistic__penalty': 'l2', 'preprocessor__num__pca__n_components': 5}",0.03436851580956729,0.08842229220178276,0.07756982425298554,0.039113211904907685,0.05295029313479909,0.05848482746080848,0.02120365980101394,122,0.07533179343125544,0.06244873618168198,0.07880293905067375,0.07659843711556195,0.10468974199526591,0.07957432955488782,0.01379507145552675
144,0.02507748603820801,0.002282846426374746,0.013658714294433594,0.0013942503275168937,0.0002335721469090126,l1,2,"{'logistic__C': 0.0002335721469090126, 'logistic__penalty': 'l1', 'preprocessor__num__pca__n_components': 2}",0.0,0.0,0.0,0.0,0.0,0.0,0.0,145,0.0,0.0,0.0,0.0,0.0,0.0,0.0
145,0.02530989646911621,0.0009103698997891416,0.012710189819335938,0.0010129503569990966,0.0002335721469090126,l1,3,"{'logistic__C': 0.0002335721469090126, 'logistic__penalty': 'l1', 'preprocessor__num__pca__n_components': 3}",0.0,0.0,0.0,0.0,0.0,0.0,0.0,145,0.0,0.0,0.0,0.0,0.0,0.0,0.0
146,0.024701452255249022,0.0008508670493047031,0.012366771697998047,0.0007135735917452833,0.0002335721469090126,l1,4,"{'logistic__C': 0.0002335721469090126, 'logistic__penalty': 'l1', 'preprocessor__num__pca__n_components': 4}",0.0,0.0,0.0,0.0,0.0,0.0,0.0,145,0.0,0.0,0.0,0.0,0.0,0.0,0.0
147,0.023714685440063478,0.0025010544715845153,0.012313652038574218,0.00047993036740800283,0.0002335721469090126,l1,5,"{'logistic__C': 0.0002335721469090126, 'logistic__penalty': 'l1', 'preprocessor__num__pca__n_components': 5}",0.0,0.0,0.0,0.0,0.0,0.0,0.0,145,0.0,0.0,0.0,0.0,0.0,0.0,0.0
148,0.02333102226257324,0.0010395390456864207,1.0018210887908936,0.025798112401992812,0.0002335721469090126,l2,2,"{'logistic__C': 0.0002335721469090126, 'logistic__penalty': 'l2', 'preprocessor__num__pca__n_components': 2}",0.0,0.06940939746798071,0.08554222038833689,0.06362916003931295,0.01183709413374891,0.0460835744058759,0.033780004678996604,130,0.0722678788222217,0.06102621882640896,0.06482496556288478,0.07528151238243444,0.08756591024381924,0.07219329716755382,0.009217980448480361
149,0.026541757583618163,0.0032292231225752237,0.9846967220306396,0.02551891828804184,0.0002335721469090126,l2,3,"{'logistic__C': 0.0002335721469090126, 'logistic__penalty': 'l2', 'preprocessor__num__pca__n_components': 3}",0.0,0.07340931954407147,0.08356497613892928,0.07256584868569736,0.0,0.045908028873739626,0.037683153406100144,132,0.07763853819955661,0.05694989351721077,0.06114772542553919,0.07070767958854801,0.08964642562179327,0.07121805247052956,0.011713922495797512
150,0.02572970390319824,0.000597895793596057,0.9715187549591064,0.009929972601517213,0.0002335721469090126,l2,4,"{'logistic__C': 0.0002335721469090126, 'logistic__penalty': 'l2', 'preprocessor__num__pca__n_components': 4}",0.015440974175490127,0.07548376065933692,0.08749475222086259,0.07623775071217406,0.028521873001850304,0.056635822153942805,0.028910771663428272,123,0.0786253188320363,0.054844255683297226,0.06441712363306899,0.07030409796910933,0.09012278865884077,0.07166271695527052,0.012053689724664824
151,0.024991226196289063,0.001477716971535543,1.0054608821868896,0.06728016497949224,0.0002335721469090126,l2,5,"{'logistic__C': 0.0002335721469090126, 'logistic__penalty': 'l2', 'preprocessor__num__pca__n_components': 5}",0.019480600663588588,0.07140566873550999,0.087506061654796,0.06371684807540645,0.028795946242432136,0.054181025074346634,0.02587160611264454,124,0.07947699023553254,0.05491779746214542,0.06489199731028805,0.07302326972712073,0.09013972508733718,0.07248995596448479,0.01205924667387169
152,0.02383255958557129,0.0010976646693325871,0.013262796401977538,0.0012347506968933605,0.0001,l1,2,"{'logistic__C': 0.0001, 'logistic__penalty': 'l1', 'preprocessor__num__pca__n_components': 2}",0.0,0.0,0.0,0.0,0.0,0.0,0.0,145,0.0,0.0,0.0,0.0,0.0,0.0,0.0
153,0.024585151672363283,0.0010844623591934606,0.012587213516235351,0.0014517676287212197,0.0001,l1,3,"{'logistic__C': 0.0001, 'logistic__penalty': 'l1', 'preprocessor__num__pca__n_components': 3}",0.0,0.0,0.0,0.0,0.0,0.0,0.0,145,0.0,0.0,0.0,0.0,0.0,0.0,0.0
154,0.023629283905029295,0.0004965655559847485,0.012193822860717773,0.00036253282206818093,0.0001,l1,4,"{'logistic__C': 0.0001, 'logistic__penalty': 'l1', 'preprocessor__num__pca__n_components': 4}",0.0,0.0,0.0,0.0,0.0,0.0,0.0,145,0.0,0.0,0.0,0.0,0.0,0.0,0.0
155,0.026666879653930664,0.003696974400019157,0.013073492050170898,0.00030495901903286864,0.0001,l1,5,"{'logistic__C': 0.0001, 'logistic__penalty': 'l1', 'preprocessor__num__pca__n_components': 5}",0.0,0.0,0.0,0.0,0.0,0.0,0.0,145,0.0,0.0,0.0,0.0,0.0,0.0,0.0
156,0.024584627151489256,0.0007891325583599661,0.979067039489746,0.03544654960434549,0.0001,l2,2,"{'logistic__C': 0.0001, 'logistic__penalty': 'l2', 'preprocessor__num__pca__n_components': 2}",0.0,0.07907336357869557,0.06421961787883496,0.05212296939416272,0.046812401619160456,0.04844567049417074,0.026645998137888285,128,0.06486024231084855,0.05417378964296592,0.06784483037448864,0.06648592078436737,0.08646438549374637,0.06796583372128337,0.010433277334146724
157,0.023196601867675783,0.0003422176137609629,0.954526710510254,0.025770228243716997,0.0001,l2,3,"{'logistic__C': 0.0001, 'logistic__penalty': 'l2', 'preprocessor__num__pca__n_components': 3}",0.0,0.07894858078007684,0.08109445808431866,0.055580673473240874,0.03803175400678831,0.05073109326888494,0.02992188494887313,127,0.06442646232533857,0.0550172111241976,0.06430811274342928,0.06986264817387944,0.08290935986866403,0.06730475884710178,0.009146525882876866
158,0.023507213592529295,0.0006086494060940335,0.9620752334594727,0.008110854299212215,0.0001,l2,4,"{'logistic__C': 0.0001, 'logistic__penalty': 'l2', 'preprocessor__num__pca__n_components': 4}",0.0,0.07716651405389503,0.07558237101306284,0.03764162478061616,0.042460796365933126,0.04657026124270144,0.02843670403641358,129,0.06243536725186206,0.05470244375529857,0.06607880106141963,0.06734420759072172,0.08507377704147588,0.06712691934015558,0.009996136473832013
159,0.02300291061401367,0.0006437480429532911,0.9356231212615966,0.03611445841083292,0.0001,l2,5,"{'logistic__C': 0.0001, 'logistic__penalty': 'l2', 'preprocessor__num__pca__n_components': 5}",0.0,0.0752503086364606,0.06991560836773274,0.044376023420894,0.04050708557809347,0.04600980520063616,0.026744516473449453,131,0.06243536725186206,0.049985647238871375,0.061769972331917514,0.0678533470216552,0.0787928607460741,0.06416743891807605,0.009352646852265075
